source_path	bytes	sha256	category	reason
/tmp/orcs-id53-opening-probe-453c221-cCI7Ch/driver-pseudocode.txt	3087	a6789c9ba351452781c10bb1f5fd952b4d1453c1d5ca1d1f26627bc3b8bcd651	historical-held-preparation	Superseded held pseudocode/recipe/preparation, not executed by this probe and outside original44 corpus. Leave originals in place; no deletion or relabeling.
/tmp/orcs-id53-opening-probe-453c221-cCI7Ch/native-validation-pseudocode.txt	2474	17bc3bf38ceda5b69b4a7a83eea31fe591fd389ed1744fc2819e66a6f4d2ba58	historical-held-preparation	Superseded held pseudocode/recipe/preparation, not executed by this probe and outside original44 corpus. Leave originals in place; no deletion or relabeling.
/tmp/orcs-id53-opening-probe-453c221-cCI7Ch/preparation.json	4483	c0f4942e0f7a0df81fb96e93fc03edbdf29e67de12ad5fd55167e19c4f80e807	historical-held-preparation	Superseded held pseudocode/recipe/preparation, not executed by this probe and outside original44 corpus. Leave originals in place; no deletion or relabeling.
/tmp/orcs-id53-opening-probe-453c221-cCI7Ch/recipe.json	15547	eb796eb9e4ca24450eefafc11d48c11eaebcb89a8766d3cd93c157ee88b830e4	historical-held-preparation	Superseded held pseudocode/recipe/preparation, not executed by this probe and outside original44 corpus. Leave originals in place; no deletion or relabeling.
/tmp/orcs-id53-opening-probe-453c221-cCI7Ch/static-file-check.json	4493	e1fbf976171afaefb8cf102bd78880274b15ded9b2aad2956b5bc6fcfc0f3636	historical-held-preparation	Superseded held pseudocode/recipe/preparation, not executed by this probe and outside original44 corpus. Leave originals in place; no deletion or relabeling.
/home/morgana/Projects/orcs-vs-Fairies/docs/evidence/ai-original-coverage-20261001/id53-public-command-probe-outline.json	3148	e775e7265697998c67814bafc10d9c376348c8369ab2aa3fc767b650bfea0749	already-retained-duplicate-outline	Byte-identical to the included owner outline. Existing historical repository copy stays unchanged; the plan copies one owner original into the new packet.
/home/morgana/.codex/worktrees/assembled-allied-ai/orcs-vs-Fairies/editor.html	369	cf320786f46eee47df14e86ef90d6e231ee7e277cd79bef81440c80cab2c8096	product-source-or-config-already-in-git	Already retained in the repository Git tree at the frozen product pin. Do not duplicate170 product files inside evidence. Exact Git blob/source hashes remain in the included build manifest and runtime receipts.
/home/morgana/.codex/worktrees/assembled-allied-ai/orcs-vs-Fairies/index.html	402	a37da3fff167dc23686215dc4b9a2cd21e835443b8ab06fffab627d520450f24	product-source-or-config-already-in-git	Already retained in the repository Git tree at the frozen product pin. Do not duplicate170 product files inside evidence. Exact Git blob/source hashes remain in the included build manifest and runtime receipts.
/home/morgana/.codex/worktrees/assembled-allied-ai/orcs-vs-Fairies/package-lock.json	54240	057f94325ad52a6e3f75d5decdb513baa4b9a0af2350651bb8886a61749a8c3d	product-source-or-config-already-in-git	Already retained in the repository Git tree at the frozen product pin. Do not duplicate170 product files inside evidence. Exact Git blob/source hashes remain in the included build manifest and runtime receipts.
/home/morgana/.codex/worktrees/assembled-allied-ai/orcs-vs-Fairies/package.json	1118	3370359ea75de06fe950a244b81a4fd0139805a50b587032c3e51e0b042f6ff6	product-source-or-config-already-in-git	Already retained in the repository Git tree at the frozen product pin. Do not duplicate170 product files inside evidence. Exact Git blob/source hashes remain in the included build manifest and runtime receipts.
/home/morgana/.codex/worktrees/assembled-allied-ai/orcs-vs-Fairies/src/cli/main.ts	1956	08758af144ae1285bf62cd7fc7f935f901649414709acd80172f2037b327c418	product-source-or-config-already-in-git	Already retained in the repository Git tree at the frozen product pin. Do not duplicate170 product files inside evidence. Exact Git blob/source hashes remain in the included build manifest and runtime receipts.
/home/morgana/.codex/worktrees/assembled-allied-ai/orcs-vs-Fairies/src/cli/session.ts	5521	838b35ecf6db2c13f7fdab7d592b4bd91fb5bb549e86f7cf79432744e42d9b78	product-source-or-config-already-in-git	Already retained in the repository Git tree at the frozen product pin. Do not duplicate170 product files inside evidence. Exact Git blob/source hashes remain in the included build manifest and runtime receipts.
/home/morgana/.codex/worktrees/assembled-allied-ai/orcs-vs-Fairies/src/content-art/lantern/banner.svg	3298	38ad6913b00fa37c4bd623fd2326de5c0a53c48325132701edeab6638d1b2dde	product-source-or-config-already-in-git	Already retained in the repository Git tree at the frozen product pin. Do not duplicate170 product files inside evidence. Exact Git blob/source hashes remain in the included build manifest and runtime receipts.
/home/morgana/.codex/worktrees/assembled-allied-ai/orcs-vs-Fairies/src/content-art/lantern/duelist.svg	4022	aa5b231f3114661719024cdd582e8fe43cc7373a35d8f648acc9956ad8ca3734	product-source-or-config-already-in-git	Already retained in the repository Git tree at the frozen product pin. Do not duplicate170 product files inside evidence. Exact Git blob/source hashes remain in the included build manifest and runtime receipts.
/home/morgana/.codex/worktrees/assembled-allied-ai/orcs-vs-Fairies/src/content-art/lantern/sentinel.svg	4490	691d89942ef0a41ae1eaff2e5e9c6df280b11b454313937f8b3747a1eedcec26	product-source-or-config-already-in-git	Already retained in the repository Git tree at the frozen product pin. Do not duplicate170 product files inside evidence. Exact Git blob/source hashes remain in the included build manifest and runtime receipts.
/home/morgana/.codex/worktrees/assembled-allied-ai/orcs-vs-Fairies/src/core/ai-policy.ts	7629	1dc343542d2cef97f22f608c53d01bc1d61ed6296918f98ced75e1c27fe8a75d	product-source-or-config-already-in-git	Already retained in the repository Git tree at the frozen product pin. Do not duplicate170 product files inside evidence. Exact Git blob/source hashes remain in the included build manifest and runtime receipts.
/home/morgana/.codex/worktrees/assembled-allied-ai/orcs-vs-Fairies/src/core/ally-directives.ts	8140	2111264d57817395be56aa4df2f100c635d37a1433ed5ce0c70a5aa99d4a920b	product-source-or-config-already-in-git	Already retained in the repository Git tree at the frozen product pin. Do not duplicate170 product files inside evidence. Exact Git blob/source hashes remain in the included build manifest and runtime receipts.
/home/morgana/.codex/worktrees/assembled-allied-ai/orcs-vs-Fairies/src/core/campaign.ts	21128	a665195656aab067bdbe9ab8246a7e6c45e574e2fecdfa839d3eb5d32a975b4b	product-source-or-config-already-in-git	Already retained in the repository Git tree at the frozen product pin. Do not duplicate170 product files inside evidence. Exact Git blob/source hashes remain in the included build manifest and runtime receipts.
/home/morgana/.codex/worktrees/assembled-allied-ai/orcs-vs-Fairies/src/core/coach.ts	14110	a1635f435afe307f249467ee66f8dc3950e6b82256b29d1f102f93eb633681a0	product-source-or-config-already-in-git	Already retained in the repository Git tree at the frozen product pin. Do not duplicate170 product files inside evidence. Exact Git blob/source hashes remain in the included build manifest and runtime receipts.
/home/morgana/.codex/worktrees/assembled-allied-ai/orcs-vs-Fairies/src/core/combat-targets.ts	480	424cb615d968b5906ad28b36e91e8224a2df20d27fb67da501667dd2851670f9	product-source-or-config-already-in-git	Already retained in the repository Git tree at the frozen product pin. Do not duplicate170 product files inside evidence. Exact Git blob/source hashes remain in the included build manifest and runtime receipts.
/home/morgana/.codex/worktrees/assembled-allied-ai/orcs-vs-Fairies/src/core/commander-rules.ts	814	027b1854af6d8087803e1becde0986dbfdafa9f9cc753ca870dc548aa3e61406	product-source-or-config-already-in-git	Already retained in the repository Git tree at the frozen product pin. Do not duplicate170 product files inside evidence. Exact Git blob/source hashes remain in the included build manifest and runtime receipts.
/home/morgana/.codex/worktrees/assembled-allied-ai/orcs-vs-Fairies/src/core/commands.ts	7202	efd360936cb2dc168402299eea06eda1c50247c79ad675237a0a7a7318dd4632	product-source-or-config-already-in-git	Already retained in the repository Git tree at the frozen product pin. Do not duplicate170 product files inside evidence. Exact Git blob/source hashes remain in the included build manifest and runtime receipts.
/home/morgana/.codex/worktrees/assembled-allied-ai/orcs-vs-Fairies/src/core/conquest-types.ts	1799	5fe40ad55e5dd88a9be244f8686365437da80a1f3844a554fb493ea19a7c64bb	product-source-or-config-already-in-git	Already retained in the repository Git tree at the frozen product pin. Do not duplicate170 product files inside evidence. Exact Git blob/source hashes remain in the included build manifest and runtime receipts.
/home/morgana/.codex/worktrees/assembled-allied-ai/orcs-vs-Fairies/src/core/conquest.ts	30402	4c92201f8a238de44bd8122f7770c6b697b40bd32dfc31d4319f96dc8f8ed068	product-source-or-config-already-in-git	Already retained in the repository Git tree at the frozen product pin. Do not duplicate170 product files inside evidence. Exact Git blob/source hashes remain in the included build manifest and runtime receipts.
/home/morgana/.codex/worktrees/assembled-allied-ai/orcs-vs-Fairies/src/core/content-registry.ts	30993	4f3b9211160320723f18264d7c6ca4719ce3988c68a4c50facb5d3c610d368d6	product-source-or-config-already-in-git	Already retained in the repository Git tree at the frozen product pin. Do not duplicate170 product files inside evidence. Exact Git blob/source hashes remain in the included build manifest and runtime receipts.
/home/morgana/.codex/worktrees/assembled-allied-ai/orcs-vs-Fairies/src/core/content.ts	19805	4495966583a38f122f23f40c8cfbc0c7655b00cc463b37efdf26a0c9b0a86160	product-source-or-config-already-in-git	Already retained in the repository Git tree at the frozen product pin. Do not duplicate170 product files inside evidence. Exact Git blob/source hashes remain in the included build manifest and runtime receipts.
/home/morgana/.codex/worktrees/assembled-allied-ai/orcs-vs-Fairies/src/core/economy-cargo.ts	23563	1d929d274af8a2c7c6910618eea2416da5d57b7eee27b47678dffeca8eab7d91	product-source-or-config-already-in-git	Already retained in the repository Git tree at the frozen product pin. Do not duplicate170 product files inside evidence. Exact Git blob/source hashes remain in the included build manifest and runtime receipts.
/home/morgana/.codex/worktrees/assembled-allied-ai/orcs-vs-Fairies/src/core/economy-common.ts	2811	d5adaa331a64a608b5d31047c5079c96b812db457216419674e669f9736e4c0f	product-source-or-config-already-in-git	Already retained in the repository Git tree at the frozen product pin. Do not duplicate170 product files inside evidence. Exact Git blob/source hashes remain in the included build manifest and runtime receipts.
/home/morgana/.codex/worktrees/assembled-allied-ai/orcs-vs-Fairies/src/core/economy-definitions.ts	2157	410d6169bbcfdf73b67dd311382889107f67b491288bbaa939a27f51ff8328de	product-source-or-config-already-in-git	Already retained in the repository Git tree at the frozen product pin. Do not duplicate170 product files inside evidence. Exact Git blob/source hashes remain in the included build manifest and runtime receipts.
/home/morgana/.codex/worktrees/assembled-allied-ai/orcs-vs-Fairies/src/core/economy-types.ts	4490	11189ee79d0d06e92fc5dfd8d6b3a9cfd0c9e4db9fc31c4eb1d940cc1715e1a7	product-source-or-config-already-in-git	Already retained in the repository Git tree at the frozen product pin. Do not duplicate170 product files inside evidence. Exact Git blob/source hashes remain in the included build manifest and runtime receipts.
/home/morgana/.codex/worktrees/assembled-allied-ai/orcs-vs-Fairies/src/core/economy-validation.ts	13682	1c38f411439772f07e9170e4273689ec587c8390f5813e17f2cc5b82c19e5c59	product-source-or-config-already-in-git	Already retained in the repository Git tree at the frozen product pin. Do not duplicate170 product files inside evidence. Exact Git blob/source hashes remain in the included build manifest and runtime receipts.
/home/morgana/.codex/worktrees/assembled-allied-ai/orcs-vs-Fairies/src/core/economy.ts	20782	0ed27188846137326c76e0816c64fb518c525943e1e7d696c05bfb8a676df831	product-source-or-config-already-in-git	Already retained in the repository Git tree at the frozen product pin. Do not duplicate170 product files inside evidence. Exact Git blob/source hashes remain in the included build manifest and runtime receipts.
/home/morgana/.codex/worktrees/assembled-allied-ai/orcs-vs-Fairies/src/core/environment.ts	17025	5d27a76df2284a776606cefed781f4e8cfa44fbf5f14c869c450da66ce64f8dd	product-source-or-config-already-in-git	Already retained in the repository Git tree at the frozen product pin. Do not duplicate170 product files inside evidence. Exact Git blob/source hashes remain in the included build manifest and runtime receipts.
/home/morgana/.codex/worktrees/assembled-allied-ai/orcs-vs-Fairies/src/core/example-mod.ts	2499	f5e4e84913ea80e57f2d41192adb9853835ba6bbea40bf043ea62744cefb525f	product-source-or-config-already-in-git	Already retained in the repository Git tree at the frozen product pin. Do not duplicate170 product files inside evidence. Exact Git blob/source hashes remain in the included build manifest and runtime receipts.
/home/morgana/.codex/worktrees/assembled-allied-ai/orcs-vs-Fairies/src/core/faction-systems-content.ts	3429	bed461a7f9d0ab1acc1100e0a20c9bb0c2ddec399de40790634e12a2c109b139	product-source-or-config-already-in-git	Already retained in the repository Git tree at the frozen product pin. Do not duplicate170 product files inside evidence. Exact Git blob/source hashes remain in the included build manifest and runtime receipts.
/home/morgana/.codex/worktrees/assembled-allied-ai/orcs-vs-Fairies/src/core/faction-systems.ts	23438	6ab56f94a7d2dc1ac33e866caad29e1ab9b97914150fdf99cc737e79c21dd9fa	product-source-or-config-already-in-git	Already retained in the repository Git tree at the frozen product pin. Do not duplicate170 product files inside evidence. Exact Git blob/source hashes remain in the included build manifest and runtime receipts.
/home/morgana/.codex/worktrees/assembled-allied-ai/orcs-vs-Fairies/src/core/geometry.ts	4909	d01cb8c5003443415cd43bef63dd087dad7238b1e82732222a1f6bb0bbccd283	product-source-or-config-already-in-git	Already retained in the repository Git tree at the frozen product pin. Do not duplicate170 product files inside evidence. Exact Git blob/source hashes remain in the included build manifest and runtime receipts.
/home/morgana/.codex/worktrees/assembled-allied-ai/orcs-vs-Fairies/src/core/history-hooks.ts	1158	56a53b84aa389f3ccf189f72df2ecf2d632677f8a664b49fc16865e46bdf6f82	product-source-or-config-already-in-git	Already retained in the repository Git tree at the frozen product pin. Do not duplicate170 product files inside evidence. Exact Git blob/source hashes remain in the included build manifest and runtime receipts.
/home/morgana/.codex/worktrees/assembled-allied-ai/orcs-vs-Fairies/src/core/legacy-content-v3.ts	15430	cf6f2540ea86570aad6896324d54870c11130816f64048cb9a567d8e7c2132c7	product-source-or-config-already-in-git	Already retained in the repository Git tree at the frozen product pin. Do not duplicate170 product files inside evidence. Exact Git blob/source hashes remain in the included build manifest and runtime receipts.
/home/morgana/.codex/worktrees/assembled-allied-ai/orcs-vs-Fairies/src/core/maps.ts	13683	ef8e28bbbbb04478082b428ace10b9613fc8b7d3baa99315555684246890f195	product-source-or-config-already-in-git	Already retained in the repository Git tree at the frozen product pin. Do not duplicate170 product files inside evidence. Exact Git blob/source hashes remain in the included build manifest and runtime receipts.
/home/morgana/.codex/worktrees/assembled-allied-ai/orcs-vs-Fairies/src/core/match-rules.ts	18173	b31abb0ff8df8ecacaaa76ea6fafb2f87ff88f57f071389a74193538f4e534d5	product-source-or-config-already-in-git	Already retained in the repository Git tree at the frozen product pin. Do not duplicate170 product files inside evidence. Exact Git blob/source hashes remain in the included build manifest and runtime receipts.
/home/morgana/.codex/worktrees/assembled-allied-ai/orcs-vs-Fairies/src/core/navigation.ts	9590	27924b6c886d55ee2288a61101e2fa2f34853f6a20241e770c9c50c5d9c796a0	product-source-or-config-already-in-git	Already retained in the repository Git tree at the frozen product pin. Do not duplicate170 product files inside evidence. Exact Git blob/source hashes remain in the included build manifest and runtime receipts.
/home/morgana/.codex/worktrees/assembled-allied-ai/orcs-vs-Fairies/src/core/neutral-world.ts	16579	bf44c385259716251f014819c275d046579cf4a5fb905ea59efe924bc9eacc54	product-source-or-config-already-in-git	Already retained in the repository Git tree at the frozen product pin. Do not duplicate170 product files inside evidence. Exact Git blob/source hashes remain in the included build manifest and runtime receipts.
/home/morgana/.codex/worktrees/assembled-allied-ai/orcs-vs-Fairies/src/core/objectives.ts	11262	89dac4b2a27a06681f64d82fa3c0d39dad4e2f27b3633720e9ca3cd3ccf23d6c	product-source-or-config-already-in-git	Already retained in the repository Git tree at the frozen product pin. Do not duplicate170 product files inside evidence. Exact Git blob/source hashes remain in the included build manifest and runtime receipts.
/home/morgana/.codex/worktrees/assembled-allied-ai/orcs-vs-Fairies/src/core/observation.ts	8808	793e9b7219eae2dd313ef0c3e27723402442ed250de891049076b589a40f1a30	product-source-or-config-already-in-git	Already retained in the repository Git tree at the frozen product pin. Do not duplicate170 product files inside evidence. Exact Git blob/source hashes remain in the included build manifest and runtime receipts.
/home/morgana/.codex/worktrees/assembled-allied-ai/orcs-vs-Fairies/src/core/planning.ts	27860	6064f6ee2a99ed2a887318c55153372249bfd450a40ce58a9f6dfb03d21604e5	product-source-or-config-already-in-git	Already retained in the repository Git tree at the frozen product pin. Do not duplicate170 product files inside evidence. Exact Git blob/source hashes remain in the included build manifest and runtime receipts.
/home/morgana/.codex/worktrees/assembled-allied-ai/orcs-vs-Fairies/src/core/presentation-observation.ts	432	892844e45c0990685b897a110eb4a0ad4d3be9ee345b5e7dc5eb1225fccd5562	product-source-or-config-already-in-git	Already retained in the repository Git tree at the frozen product pin. Do not duplicate170 product files inside evidence. Exact Git blob/source hashes remain in the included build manifest and runtime receipts.
/home/morgana/.codex/worktrees/assembled-allied-ai/orcs-vs-Fairies/src/core/progression.ts	2307	baf7bfd7bfca212a09d7f13f2c5188eff4ccd15985e8542a92209777f57527b7	product-source-or-config-already-in-git	Already retained in the repository Git tree at the frozen product pin. Do not duplicate170 product files inside evidence. Exact Git blob/source hashes remain in the included build manifest and runtime receipts.
/home/morgana/.codex/worktrees/assembled-allied-ai/orcs-vs-Fairies/src/core/replays.ts	16630	c7d57a1df6536dee13fbbb35c58f4128fac1589e46f7fd62b296ce11804f1c17	product-source-or-config-already-in-git	Already retained in the repository Git tree at the frozen product pin. Do not duplicate170 product files inside evidence. Exact Git blob/source hashes remain in the included build manifest and runtime receipts.
/home/morgana/.codex/worktrees/assembled-allied-ai/orcs-vs-Fairies/src/core/saves.ts	48856	2059e49775401d44813a02c3628de3055c3d7d944d4f887cf7a3639c145197c7	product-source-or-config-already-in-git	Already retained in the repository Git tree at the frozen product pin. Do not duplicate170 product files inside evidence. Exact Git blob/source hashes remain in the included build manifest and runtime receipts.
/home/morgana/.codex/worktrees/assembled-allied-ai/orcs-vs-Fairies/src/core/scenario-geometry.ts	4266	3f3213e385346a6977354896273edf80242823b6dfbfaf44bed04bc77e617645	product-source-or-config-already-in-git	Already retained in the repository Git tree at the frozen product pin. Do not duplicate170 product files inside evidence. Exact Git blob/source hashes remain in the included build manifest and runtime receipts.
/home/morgana/.codex/worktrees/assembled-allied-ai/orcs-vs-Fairies/src/core/scenario-recordings.ts	9224	311652f4b4505849928efe4ed4bf7e4d9641ab71716ecb37cc3d363e5f8f2780	product-source-or-config-already-in-git	Already retained in the repository Git tree at the frozen product pin. Do not duplicate170 product files inside evidence. Exact Git blob/source hashes remain in the included build manifest and runtime receipts.
/home/morgana/.codex/worktrees/assembled-allied-ai/orcs-vs-Fairies/src/core/scenario-types.ts	5389	53659ab5bf18d5911da4dc38bee037f346ec68cab09a166b0d8efeaa1b265143	product-source-or-config-already-in-git	Already retained in the repository Git tree at the frozen product pin. Do not duplicate170 product files inside evidence. Exact Git blob/source hashes remain in the included build manifest and runtime receipts.
/home/morgana/.codex/worktrees/assembled-allied-ai/orcs-vs-Fairies/src/core/scenario-validation.ts	21406	13c8183ecb993f10e06a722cbfde8b3269453930833b3ef957493a7dcbc09e69	product-source-or-config-already-in-git	Already retained in the repository Git tree at the frozen product pin. Do not duplicate170 product files inside evidence. Exact Git blob/source hashes remain in the included build manifest and runtime receipts.
/home/morgana/.codex/worktrees/assembled-allied-ai/orcs-vs-Fairies/src/core/scenarios.ts	39183	b5b6910d0974cde13818d5c9ef72485451a1d73b3c48068bfbb3ec5144aca710	product-source-or-config-already-in-git	Already retained in the repository Git tree at the frozen product pin. Do not duplicate170 product files inside evidence. Exact Git blob/source hashes remain in the included build manifest and runtime receipts.
/home/morgana/.codex/worktrees/assembled-allied-ai/orcs-vs-Fairies/src/core/session-storage.ts	12012	c3a9f04a0abc7bc29338b08bc1f7e65e7669002908ada7ba18836481b1f47c7e	product-source-or-config-already-in-git	Already retained in the repository Git tree at the frozen product pin. Do not duplicate170 product files inside evidence. Exact Git blob/source hashes remain in the included build manifest and runtime receipts.
/home/morgana/.codex/worktrees/assembled-allied-ai/orcs-vs-Fairies/src/core/simulation.ts	106228	e301c65d0352ffe648a5bc4ee6acbda1f562164deacdfe60f8f3b03e7bdccf35	product-source-or-config-already-in-git	Already retained in the repository Git tree at the frozen product pin. Do not duplicate170 product files inside evidence. Exact Git blob/source hashes remain in the included build manifest and runtime receipts.
/home/morgana/.codex/worktrees/assembled-allied-ai/orcs-vs-Fairies/src/core/specialist-content.ts	6564	1a1cbb10836291795c51388e6401c672e23b311632b80e56e12a2b2e3a59817a	product-source-or-config-already-in-git	Already retained in the repository Git tree at the frozen product pin. Do not duplicate170 product files inside evidence. Exact Git blob/source hashes remain in the included build manifest and runtime receipts.
/home/morgana/.codex/worktrees/assembled-allied-ai/orcs-vs-Fairies/src/core/specialist-systems.ts	22241	96644ada58215b32650d5e5d23643c784e1e08f49109a8ddc9bcc01145ded6c5	product-source-or-config-already-in-git	Already retained in the repository Git tree at the frozen product pin. Do not duplicate170 product files inside evidence. Exact Git blob/source hashes remain in the included build manifest and runtime receipts.
/home/morgana/.codex/worktrees/assembled-allied-ai/orcs-vs-Fairies/src/core/specialist-types.ts	2303	b5ebc37625668d5bf416e4f21a65e28b1eae7e25a49c2f1a9b08129d3d65a549	product-source-or-config-already-in-git	Already retained in the repository Git tree at the frozen product pin. Do not duplicate170 product files inside evidence. Exact Git blob/source hashes remain in the included build manifest and runtime receipts.
/home/morgana/.codex/worktrees/assembled-allied-ai/orcs-vs-Fairies/src/core/specialist-validation.ts	17272	47cc77f0006046c0c3d849caee9994627b8b299f2e39b1eea15b153d1835d79b	product-source-or-config-already-in-git	Already retained in the repository Git tree at the frozen product pin. Do not duplicate170 product files inside evidence. Exact Git blob/source hashes remain in the included build manifest and runtime receipts.
/home/morgana/.codex/worktrees/assembled-allied-ai/orcs-vs-Fairies/src/core/tactics.ts	18531	31e5e81e058e83bf94181c1c7203e1022d64aa0d8f715fb1e0082f04173c9797	product-source-or-config-already-in-git	Already retained in the repository Git tree at the frozen product pin. Do not duplicate170 product files inside evidence. Exact Git blob/source hashes remain in the included build manifest and runtime receipts.
/home/morgana/.codex/worktrees/assembled-allied-ai/orcs-vs-Fairies/src/core/team-ai.ts	25877	246afca59757266635d823fbd943d72ef500db0bab3385107da4f7ca930836b2	product-source-or-config-already-in-git	Already retained in the repository Git tree at the frozen product pin. Do not duplicate170 product files inside evidence. Exact Git blob/source hashes remain in the included build manifest and runtime receipts.
/home/morgana/.codex/worktrees/assembled-allied-ai/orcs-vs-Fairies/src/core/types.ts	8433	9f2c6c337d2dd6669c1cd8dbee30c01c89c41de3d9caf962d57854310fe8dd33	product-source-or-config-already-in-git	Already retained in the repository Git tree at the frozen product pin. Do not duplicate170 product files inside evidence. Exact Git blob/source hashes remain in the included build manifest and runtime receipts.
/home/morgana/.codex/worktrees/assembled-allied-ai/orcs-vs-Fairies/src/core/unit-progression.ts	8821	bd29a33226eac4122b63217904f13d40f17ce629d50e0c1f5eb56c443c72095a	product-source-or-config-already-in-git	Already retained in the repository Git tree at the frozen product pin. Do not duplicate170 product files inside evidence. Exact Git blob/source hashes remain in the included build manifest and runtime receipts.
/home/morgana/.codex/worktrees/assembled-allied-ai/orcs-vs-Fairies/src/core/versions.ts	346	a8b20be0fb9abd0895fed0d4ad1c7612910f2d31bf9c12c85fd8a432c0ba3f24	product-source-or-config-already-in-git	Already retained in the repository Git tree at the frozen product pin. Do not duplicate170 product files inside evidence. Exact Git blob/source hashes remain in the included build manifest and runtime receipts.
/home/morgana/.codex/worktrees/assembled-allied-ai/orcs-vs-Fairies/src/core/world-actions.ts	7889	83b8c7dd2376a49811095ba731ee8df34121e72cfe4c3eea1ff16c31d99d4238	product-source-or-config-already-in-git	Already retained in the repository Git tree at the frozen product pin. Do not duplicate170 product files inside evidence. Exact Git blob/source hashes remain in the included build manifest and runtime receipts.
/home/morgana/.codex/worktrees/assembled-allied-ai/orcs-vs-Fairies/src/core/world-map.ts	14404	51af55ec2bd0cee6e7dc7caf2f934e60e9a7a046daeb1d3d71e478c8be7c0dd2	product-source-or-config-already-in-git	Already retained in the repository Git tree at the frozen product pin. Do not duplicate170 product files inside evidence. Exact Git blob/source hashes remain in the included build manifest and runtime receipts.
/home/morgana/.codex/worktrees/assembled-allied-ai/orcs-vs-Fairies/src/core/world-types.ts	2038	d0802170c228c886cc92959e01c1c1c4e358243809d8d476b4457159490dad8c	product-source-or-config-already-in-git	Already retained in the repository Git tree at the frozen product pin. Do not duplicate170 product files inside evidence. Exact Git blob/source hashes remain in the included build manifest and runtime receipts.
/home/morgana/.codex/worktrees/assembled-allied-ai/orcs-vs-Fairies/src/core/world-validation.ts	7607	27d49a7c87a69f1e6a37ff22be85b50884dba6d1b1014529413776e2a7529374	product-source-or-config-already-in-git	Already retained in the repository Git tree at the frozen product pin. Do not duplicate170 product files inside evidence. Exact Git blob/source hashes remain in the included build manifest and runtime receipts.
/home/morgana/.codex/worktrees/assembled-allied-ai/orcs-vs-Fairies/src/editor/document.ts	3047	a746ef361a300a614c6fc8cc4449b67f168815f00edb8b361a1f2c50a1d230c4	product-source-or-config-already-in-git	Already retained in the repository Git tree at the frozen product pin. Do not duplicate170 product files inside evidence. Exact Git blob/source hashes remain in the included build manifest and runtime receipts.
/home/morgana/.codex/worktrees/assembled-allied-ai/orcs-vs-Fairies/src/editor/editor-app.ts	99	fdc568dd878819ed713cf6ac76c2a0ab51dcf43674778deeb282eb95d2c73e93	product-source-or-config-already-in-git	Already retained in the repository Git tree at the frozen product pin. Do not duplicate170 product files inside evidence. Exact Git blob/source hashes remain in the included build manifest and runtime receipts.
/home/morgana/.codex/worktrees/assembled-allied-ai/orcs-vs-Fairies/src/editor/launch.ts	1089	ac9616db3574b021530252af717817046c168188262f2a38352b8d727eab653b	product-source-or-config-already-in-git	Already retained in the repository Git tree at the frozen product pin. Do not duplicate170 product files inside evidence. Exact Git blob/source hashes remain in the included build manifest and runtime receipts.
/home/morgana/.codex/worktrees/assembled-allied-ai/orcs-vs-Fairies/src/editor/map-package.ts	22883	8a08f3e875a121b601700aa7aa31eb31185cf8f4b6bba5b6cb0d59354ef0d921	product-source-or-config-already-in-git	Already retained in the repository Git tree at the frozen product pin. Do not duplicate170 product files inside evidence. Exact Git blob/source hashes remain in the included build manifest and runtime receipts.
/home/morgana/.codex/worktrees/assembled-allied-ai/orcs-vs-Fairies/src/editor/package-validation.ts	677	a01739b75da643c91f86b7ee60088c8d020721e306b3c7f93705dcd94171004b	product-source-or-config-already-in-git	Already retained in the repository Git tree at the frozen product pin. Do not duplicate170 product files inside evidence. Exact Git blob/source hashes remain in the included build manifest and runtime receipts.
/home/morgana/.codex/worktrees/assembled-allied-ai/orcs-vs-Fairies/src/editor/scenario-package.ts	24306	74f6b8bb2d5d7ec7659f46b2cd23106ea323e9b57d55311206bb87791279a077	product-source-or-config-already-in-git	Already retained in the repository Git tree at the frozen product pin. Do not duplicate170 product files inside evidence. Exact Git blob/source hashes remain in the included build manifest and runtime receipts.
/home/morgana/.codex/worktrees/assembled-allied-ai/orcs-vs-Fairies/src/game/Appearance.ts	4298	56ef6e567518f90e9bbf403c41e74838741248c04a9e6f1919e154d0bb17558d	product-source-or-config-already-in-git	Already retained in the repository Git tree at the frozen product pin. Do not duplicate170 product files inside evidence. Exact Git blob/source hashes remain in the included build manifest and runtime receipts.
/home/morgana/.codex/worktrees/assembled-allied-ai/orcs-vs-Fairies/src/game/ArtRuntime.ts	9400	ac0df5d1203a4dc44b905b5791a8c447f19e7aabb1b388b50e6abc950c1ff239	product-source-or-config-already-in-git	Already retained in the repository Git tree at the frozen product pin. Do not duplicate170 product files inside evidence. Exact Git blob/source hashes remain in the included build manifest and runtime receipts.
/home/morgana/.codex/worktrees/assembled-allied-ai/orcs-vs-Fairies/src/game/Controls.ts	12074	1efe5f374a6a662ea24fb26b91dec35acabcd7b958b791d859628b6a25df9c03	product-source-or-config-already-in-git	Already retained in the repository Git tree at the frozen product pin. Do not duplicate170 product files inside evidence. Exact Git blob/source hashes remain in the included build manifest and runtime receipts.
/home/morgana/.codex/worktrees/assembled-allied-ai/orcs-vs-Fairies/src/game/Cosmetics.ts	5323	8fbead76b858138228699e02b07f5322b3d0a5bf9e3e5b287971ec096053ee29	product-source-or-config-already-in-git	Already retained in the repository Git tree at the frozen product pin. Do not duplicate170 product files inside evidence. Exact Git blob/source hashes remain in the included build manifest and runtime receipts.
/home/morgana/.codex/worktrees/assembled-allied-ai/orcs-vs-Fairies/src/game/FactionOverlay.ts	2796	aa7e997fe5521a6a4f44e5fd14d7ba7ae4d2ec3288004cecec4dcbc099bafed2	product-source-or-config-already-in-git	Already retained in the repository Git tree at the frozen product pin. Do not duplicate170 product files inside evidence. Exact Git blob/source hashes remain in the included build manifest and runtime receipts.
/home/morgana/.codex/worktrees/assembled-allied-ai/orcs-vs-Fairies/src/game/GameAudio.ts	6151	2f9d8e5325829a84931cde0cf7f904a1f9b720213f48e9352a56cfc31080f6d9	product-source-or-config-already-in-git	Already retained in the repository Git tree at the frozen product pin. Do not duplicate170 product files inside evidence. Exact Git blob/source hashes remain in the included build manifest and runtime receipts.
/home/morgana/.codex/worktrees/assembled-allied-ai/orcs-vs-Fairies/src/game/GameScene.ts	62102	2f6372937635cdb54367445eb22355d79f33a94ff75604180ff9b2848422cdec	product-source-or-config-already-in-git	Already retained in the repository Git tree at the frozen product pin. Do not duplicate170 product files inside evidence. Exact Git blob/source hashes remain in the included build manifest and runtime receipts.
/home/morgana/.codex/worktrees/assembled-allied-ai/orcs-vs-Fairies/src/game/Gamepad.ts	7765	d78b066da6ed1183b40d6ca50e9e1b91528b2481a8e3d6f6a0daef57f6ba35ee	product-source-or-config-already-in-git	Already retained in the repository Git tree at the frozen product pin. Do not duplicate170 product files inside evidence. Exact Git blob/source hashes remain in the included build manifest and runtime receipts.
/home/morgana/.codex/worktrees/assembled-allied-ai/orcs-vs-Fairies/src/game/ObjectiveMarkers.ts	3005	bbe0aeeaba8afbe892965a32539bc85332b45de16d287af421c75566c0095a03	product-source-or-config-already-in-git	Already retained in the repository Git tree at the frozen product pin. Do not duplicate170 product files inside evidence. Exact Git blob/source hashes remain in the included build manifest and runtime receipts.
/home/morgana/.codex/worktrees/assembled-allied-ai/orcs-vs-Fairies/src/game/PlanningSession.ts	12929	54254577b02b2204e69f0d99bb0d51ea4930e596b62336bd28d203d00e78565c	product-source-or-config-already-in-git	Already retained in the repository Git tree at the frozen product pin. Do not duplicate170 product files inside evidence. Exact Git blob/source hashes remain in the included build manifest and runtime receipts.
/home/morgana/.codex/worktrees/assembled-allied-ai/orcs-vs-Fairies/src/game/ScenarioOverlay.ts	2598	6e7f1051503426ca8a98eef050592125cc00e5122d7898a093795562e7d56dc3	product-source-or-config-already-in-git	Already retained in the repository Git tree at the frozen product pin. Do not duplicate170 product files inside evidence. Exact Git blob/source hashes remain in the included build manifest and runtime receipts.
/home/morgana/.codex/worktrees/assembled-allied-ai/orcs-vs-Fairies/src/game/TacticsOverlay.ts	4332	d18bd35850f9af09a6c02d7a7549033fdfb5d8b492d939b87e5f8767f5148d7a	product-source-or-config-already-in-git	Already retained in the repository Git tree at the frozen product pin. Do not duplicate170 product files inside evidence. Exact Git blob/source hashes remain in the included build manifest and runtime receipts.
/home/morgana/.codex/worktrees/assembled-allied-ai/orcs-vs-Fairies/src/main.ts	47424	4b3de6a2c62517819e56d81e20f96aa10c8bfde8cd58ea70aa516fd84f0abda7	product-source-or-config-already-in-git	Already retained in the repository Git tree at the frozen product pin. Do not duplicate170 product files inside evidence. Exact Git blob/source hashes remain in the included build manifest and runtime receipts.
/home/morgana/.codex/worktrees/assembled-allied-ai/orcs-vs-Fairies/src/online/client.ts	16286	5564377fb45ca04a86bab9ea25025de2194c0dfdd1ca75ca835109711b46a72a	product-source-or-config-already-in-git	Already retained in the repository Git tree at the frozen product pin. Do not duplicate170 product files inside evidence. Exact Git blob/source hashes remain in the included build manifest and runtime receipts.
/home/morgana/.codex/worktrees/assembled-allied-ai/orcs-vs-Fairies/src/online/community-client.ts	20361	732ce711cc18119969100c98ea1a9f52899f5761bcfc057e48618d55081cdfc6	product-source-or-config-already-in-git	Already retained in the repository Git tree at the frozen product pin. Do not duplicate170 product files inside evidence. Exact Git blob/source hashes remain in the included build manifest and runtime receipts.
/home/morgana/.codex/worktrees/assembled-allied-ai/orcs-vs-Fairies/src/online/competition-client.ts	1434	75f88a94e281550bfe87e5546dca24efe694c19747841c81648f00d922c6dab6	product-source-or-config-already-in-git	Already retained in the repository Git tree at the frozen product pin. Do not duplicate170 product files inside evidence. Exact Git blob/source hashes remain in the included build manifest and runtime receipts.
/home/morgana/.codex/worktrees/assembled-allied-ai/orcs-vs-Fairies/src/online/competitions.ts	1869	e1e1a51653e2eb0e2c7d9c4a7f04b18ea03cf26e49a56bcb78d8cdb710cc9bad	product-source-or-config-already-in-git	Already retained in the repository Git tree at the frozen product pin. Do not duplicate170 product files inside evidence. Exact Git blob/source hashes remain in the included build manifest and runtime receipts.
/home/morgana/.codex/worktrees/assembled-allied-ai/orcs-vs-Fairies/src/online/cosmetic-client.ts	1076	77a609233607c3efb6c9986083282f4cbe7ab28e764aecec9f7571cb7c611cb0	product-source-or-config-already-in-git	Already retained in the repository Git tree at the frozen product pin. Do not duplicate170 product files inside evidence. Exact Git blob/source hashes remain in the included build manifest and runtime receipts.
/home/morgana/.codex/worktrees/assembled-allied-ai/orcs-vs-Fairies/src/online/cosmetics.ts	1388	411d139e5d90ebf390fc227fce6b0b961b746d1c9ec2782003d006b88ebc5685	product-source-or-config-already-in-git	Already retained in the repository Git tree at the frozen product pin. Do not duplicate170 product files inside evidence. Exact Git blob/source hashes remain in the included build manifest and runtime receipts.
/home/morgana/.codex/worktrees/assembled-allied-ai/orcs-vs-Fairies/src/online/protocol.ts	2630	0ad3ac461e5be93e277a468bdd860b4c111282c219b0d1f7b381f22fd494030c	product-source-or-config-already-in-git	Already retained in the repository Git tree at the frozen product pin. Do not duplicate170 product files inside evidence. Exact Git blob/source hashes remain in the included build manifest and runtime receipts.
/home/morgana/.codex/worktrees/assembled-allied-ai/orcs-vs-Fairies/src/online/render-state.ts	16508	1a48afcd1023c9c3f2270dcaf3c50d8a01eaffaf2dee9e7f511bcc528dba9621	product-source-or-config-already-in-git	Already retained in the repository Git tree at the frozen product pin. Do not duplicate170 product files inside evidence. Exact Git blob/source hashes remain in the included build manifest and runtime receipts.
/home/morgana/.codex/worktrees/assembled-allied-ai/orcs-vs-Fairies/src/qa/performance.ts	9336	5f6b929e1761f903b5770d902482b3cc946fcd05af698e8a8fd3ccb0135aadb3	product-source-or-config-already-in-git	Already retained in the repository Git tree at the frozen product pin. Do not duplicate170 product files inside evidence. Exact Git blob/source hashes remain in the included build manifest and runtime receipts.
/home/morgana/.codex/worktrees/assembled-allied-ai/orcs-vs-Fairies/src/scenarios/campaigns.ts	60270	5b651b94b6cbd30e7667e4745a65ceb53b7fde886754382a099a648588384c2a	product-source-or-config-already-in-git	Already retained in the repository Git tree at the frozen product pin. Do not duplicate170 product files inside evidence. Exact Git blob/source hashes remain in the included build manifest and runtime receipts.
/home/morgana/.codex/worktrees/assembled-allied-ai/orcs-vs-Fairies/src/scenarios/conquest-world.ts	5295	b5a64d47ba13d5ed2b523a0ec781ac07f45bafbc1569d0bd3aed3d12cf74271c	product-source-or-config-already-in-git	Already retained in the repository Git tree at the frozen product pin. Do not duplicate170 product files inside evidence. Exact Git blob/source hashes remain in the included build manifest and runtime receipts.
/home/morgana/.codex/worktrees/assembled-allied-ai/orcs-vs-Fairies/src/scenarios/demo.ts	28988	eaaebb087bad8414e2267d17dd999636379205f2440b4ab065326390adfbc87f	product-source-or-config-already-in-git	Already retained in the repository Git tree at the frozen product pin. Do not duplicate170 product files inside evidence. Exact Git blob/source hashes remain in the included build manifest and runtime receipts.
/home/morgana/.codex/worktrees/assembled-allied-ai/orcs-vs-Fairies/src/server/campaign-verification.ts	3186	786e60e4db0d65dcaadf7f6d8bb3aa1af9633cc27d5a36374ae70f07f71a6c27	product-source-or-config-already-in-git	Already retained in the repository Git tree at the frozen product pin. Do not duplicate170 product files inside evidence. Exact Git blob/source hashes remain in the included build manifest and runtime receipts.
/home/morgana/.codex/worktrees/assembled-allied-ai/orcs-vs-Fairies/src/server/canonical-campaign.ts	647	bf87aa9996a58ddceb7e097069b4f971324f49e44a035a8c1768ea226f1703bf	product-source-or-config-already-in-git	Already retained in the repository Git tree at the frozen product pin. Do not duplicate170 product files inside evidence. Exact Git blob/source hashes remain in the included build manifest and runtime receipts.
/home/morgana/.codex/worktrees/assembled-allied-ai/orcs-vs-Fairies/src/server/community-http.ts	2917	78f2ba78db245eed7de9ab69a802c17fa3487b312b6d9b5630a13c44035d5e6f	product-source-or-config-already-in-git	Already retained in the repository Git tree at the frozen product pin. Do not duplicate170 product files inside evidence. Exact Git blob/source hashes remain in the included build manifest and runtime receipts.
/home/morgana/.codex/worktrees/assembled-allied-ai/orcs-vs-Fairies/src/server/community-packages.ts	21198	53f1c2c77f53ec5b5a0c6523c37822b1b32f54016fdd8cbd0b9e6618394cc697	product-source-or-config-already-in-git	Already retained in the repository Git tree at the frozen product pin. Do not duplicate170 product files inside evidence. Exact Git blob/source hashes remain in the included build manifest and runtime receipts.
/home/morgana/.codex/worktrees/assembled-allied-ai/orcs-vs-Fairies/src/server/competitions.ts	6390	9fd84d853f45e132299521341071e8958310e9634fed2d01976bdaf576d222da	product-source-or-config-already-in-git	Already retained in the repository Git tree at the frozen product pin. Do not duplicate170 product files inside evidence. Exact Git blob/source hashes remain in the included build manifest and runtime receipts.
/home/morgana/.codex/worktrees/assembled-allied-ai/orcs-vs-Fairies/src/server/cosmetics.ts	5449	04ac51920d6a853310d4bf647b14c9901bd453a29e9854da18bc27b1efa74320	product-source-or-config-already-in-git	Already retained in the repository Git tree at the frozen product pin. Do not duplicate170 product files inside evidence. Exact Git blob/source hashes remain in the included build manifest and runtime receipts.
/home/morgana/.codex/worktrees/assembled-allied-ai/orcs-vs-Fairies/src/server/main.ts	1129	51363f67f3e7b1829e6e20d346c561b7dcdeb2ba223fb7f1d9de28ad19c379ac	product-source-or-config-already-in-git	Already retained in the repository Git tree at the frozen product pin. Do not duplicate170 product files inside evidence. Exact Git blob/source hashes remain in the included build manifest and runtime receipts.
/home/morgana/.codex/worktrees/assembled-allied-ai/orcs-vs-Fairies/src/server/server.ts	50662	6cee3a6770a2e692ca4ad3ad155c3b06cf6f9116b43460f1eefe7eb7572a1f65	product-source-or-config-already-in-git	Already retained in the repository Git tree at the frozen product pin. Do not duplicate170 product files inside evidence. Exact Git blob/source hashes remain in the included build manifest and runtime receipts.
/home/morgana/.codex/worktrees/assembled-allied-ai/orcs-vs-Fairies/src/server/store.ts	10118	94b40c5f2c40f97e12d69bce63110795eed2a44f72e2c05903a8a7e8efe9fa04	product-source-or-config-already-in-git	Already retained in the repository Git tree at the frozen product pin. Do not duplicate170 product files inside evidence. Exact Git blob/source hashes remain in the included build manifest and runtime receipts.
/home/morgana/.codex/worktrees/assembled-allied-ai/orcs-vs-Fairies/src/server/team-view.ts	5481	ac53d33a6595b1576e1ddbe3b03ade7ba762d3fa53dd90ec76e5f1036da3bee4	product-source-or-config-already-in-git	Already retained in the repository Git tree at the frozen product pin. Do not duplicate170 product files inside evidence. Exact Git blob/source hashes remain in the included build manifest and runtime receipts.
/home/morgana/.codex/worktrees/assembled-allied-ai/orcs-vs-Fairies/src/server/views.ts	2864	fef071fb8d6f0729914abe1238206ef67179d59246f65e043d38e753f2e29578	product-source-or-config-already-in-git	Already retained in the repository Git tree at the frozen product pin. Do not duplicate170 product files inside evidence. Exact Git blob/source hashes remain in the included build manifest and runtime receipts.
/home/morgana/.codex/worktrees/assembled-allied-ai/orcs-vs-Fairies/src/tournament/client.ts	1160	bc0e471e7d7c66bff6128a180216cff70b86950529dc986e001e00dcba5d835d	product-source-or-config-already-in-git	Already retained in the repository Git tree at the frozen product pin. Do not duplicate170 product files inside evidence. Exact Git blob/source hashes remain in the included build manifest and runtime receipts.
/home/morgana/.codex/worktrees/assembled-allied-ai/orcs-vs-Fairies/src/tournament/main.ts	2016	033a940fd11d36d1ed9cc56c1a55e397fab9d6bd828d79b8b38c91d529b351cb	product-source-or-config-already-in-git	Already retained in the repository Git tree at the frozen product pin. Do not duplicate170 product files inside evidence. Exact Git blob/source hashes remain in the included build manifest and runtime receipts.
/home/morgana/.codex/worktrees/assembled-allied-ai/orcs-vs-Fairies/src/tournament/report.ts	17919	1408626ba8a11dabd4a696839cfad78d8b3b145397781a1995dedb60fad9d18e	product-source-or-config-already-in-git	Already retained in the repository Git tree at the frozen product pin. Do not duplicate170 product files inside evidence. Exact Git blob/source hashes remain in the included build manifest and runtime receipts.
/home/morgana/.codex/worktrees/assembled-allied-ai/orcs-vs-Fairies/src/tournament/runner.ts	15537	9c5b772cbabdbb727993cd1c59c3afb5ac159af9165df942a5b6ae0da17b004d	product-source-or-config-already-in-git	Already retained in the repository Git tree at the frozen product pin. Do not duplicate170 product files inside evidence. Exact Git blob/source hashes remain in the included build manifest and runtime receipts.
/home/morgana/.codex/worktrees/assembled-allied-ai/orcs-vs-Fairies/src/tournament/service.ts	11854	d3fbe79245f74d54ea36b94d475f2becfabc7b4242a90aabebfbb99e06189988	product-source-or-config-already-in-git	Already retained in the repository Git tree at the frozen product pin. Do not duplicate170 product files inside evidence. Exact Git blob/source hashes remain in the included build manifest and runtime receipts.
/home/morgana/.codex/worktrees/assembled-allied-ai/orcs-vs-Fairies/src/tournament/types.ts	3747	3df76bf918d47dcf8b56b3202f7914e4851253b72cce0b87233c76509520f4f7	product-source-or-config-already-in-git	Already retained in the repository Git tree at the frozen product pin. Do not duplicate170 product files inside evidence. Exact Git blob/source hashes remain in the included build manifest and runtime receipts.
/home/morgana/.codex/worktrees/assembled-allied-ai/orcs-vs-Fairies/src/ui/AllyDirectives.ts	13907	0840941d20017782c868290904c35483ae0a3ad8708a982a10829efc9bfbd3f9	product-source-or-config-already-in-git	Already retained in the repository Git tree at the frozen product pin. Do not duplicate170 product files inside evidence. Exact Git blob/source hashes remain in the included build manifest and runtime receipts.
/home/morgana/.codex/worktrees/assembled-allied-ai/orcs-vs-Fairies/src/ui/CommunityBrowser.ts	15717	697b8e9c50b7284eeeebe49624261b2b03ce869ef9f478e866be6014e23ca78e	product-source-or-config-already-in-git	Already retained in the repository Git tree at the frozen product pin. Do not duplicate170 product files inside evidence. Exact Git blob/source hashes remain in the included build manifest and runtime receipts.
/home/morgana/.codex/worktrees/assembled-allied-ai/orcs-vs-Fairies/src/ui/CompetitionTools.ts	12649	f9f0d92164339e27b7fd88b334dfd0e021d1149406f0ca507b23deb73fd23ef6	product-source-or-config-already-in-git	Already retained in the repository Git tree at the frozen product pin. Do not duplicate170 product files inside evidence. Exact Git blob/source hashes remain in the included build manifest and runtime receipts.
/home/morgana/.codex/worktrees/assembled-allied-ai/orcs-vs-Fairies/src/ui/ConquestTools.ts	14303	d0b34eec76c1744d7ffdd8de34b2fb1e294c6750e06e9ea831060d1743d143b3	product-source-or-config-already-in-git	Already retained in the repository Git tree at the frozen product pin. Do not duplicate170 product files inside evidence. Exact Git blob/source hashes remain in the included build manifest and runtime receipts.
/home/morgana/.codex/worktrees/assembled-allied-ai/orcs-vs-Fairies/src/ui/CosmeticTools.ts	9273	c3650284bf657671bbca92649762a076cf5771130be321452ceb3e436db4ff0b	product-source-or-config-already-in-git	Already retained in the repository Git tree at the frozen product pin. Do not duplicate170 product files inside evidence. Exact Git blob/source hashes remain in the included build manifest and runtime receipts.
/home/morgana/.codex/worktrees/assembled-allied-ai/orcs-vs-Fairies/src/ui/DisplaySettings.ts	9179	57c3ded44211c36aca439212464366643fa53a403d266c629d5a3db16e48b30d	product-source-or-config-already-in-git	Already retained in the repository Git tree at the frozen product pin. Do not duplicate170 product files inside evidence. Exact Git blob/source hashes remain in the included build manifest and runtime receipts.
/home/morgana/.codex/worktrees/assembled-allied-ai/orcs-vs-Fairies/src/ui/EconomyTools.ts	46363	974158dcb1c95a154d59da153a342685297d049bfa099cef134180a6925571c5	product-source-or-config-already-in-git	Already retained in the repository Git tree at the frozen product pin. Do not duplicate170 product files inside evidence. Exact Git blob/source hashes remain in the included build manifest and runtime receipts.
/home/morgana/.codex/worktrees/assembled-allied-ai/orcs-vs-Fairies/src/ui/EditorTools.ts	27384	9c76e9efbd37ddebad3417b42070bf2fc51f562aaae96183408c0d834d3429d4	product-source-or-config-already-in-git	Already retained in the repository Git tree at the frozen product pin. Do not duplicate170 product files inside evidence. Exact Git blob/source hashes remain in the included build manifest and runtime receipts.
/home/morgana/.codex/worktrees/assembled-allied-ai/orcs-vs-Fairies/src/ui/FactionTools.ts	24097	452c9964d4cae1495412811fc6ee5f600cea30675cfac234efe9d2b8e9648b7b	product-source-or-config-already-in-git	Already retained in the repository Git tree at the frozen product pin. Do not duplicate170 product files inside evidence. Exact Git blob/source hashes remain in the included build manifest and runtime receipts.
/home/morgana/.codex/worktrees/assembled-allied-ai/orcs-vs-Fairies/src/ui/Hud.ts	46307	827031c3c49dab942e00a11cd6531d633f351c9c2884ab1c704e187f81368828	product-source-or-config-already-in-git	Already retained in the repository Git tree at the frozen product pin. Do not duplicate170 product files inside evidence. Exact Git blob/source hashes remain in the included build manifest and runtime receipts.
/home/morgana/.codex/worktrees/assembled-allied-ai/orcs-vs-Fairies/src/ui/MatchRules.ts	14930	d8405bf18da57e1993d68355188d124f93d92124bc06f2d3b0191ff007554707	product-source-or-config-already-in-git	Already retained in the repository Git tree at the frozen product pin. Do not duplicate170 product files inside evidence. Exact Git blob/source hashes remain in the included build manifest and runtime receipts.
/home/morgana/.codex/worktrees/assembled-allied-ai/orcs-vs-Fairies/src/ui/MinimapAlerts.ts	4447	691591e60637391289ba5714b630250f8e25aadc7a8b414a8ded324710b5aad3	product-source-or-config-already-in-git	Already retained in the repository Git tree at the frozen product pin. Do not duplicate170 product files inside evidence. Exact Git blob/source hashes remain in the included build manifest and runtime receipts.
/home/morgana/.codex/worktrees/assembled-allied-ai/orcs-vs-Fairies/src/ui/ModLibrary.ts	7688	cd4121a4b25e9ccbc64e1166dc63a872c9de13f7b8756bb0c51b2579f2199a8e	product-source-or-config-already-in-git	Already retained in the repository Git tree at the frozen product pin. Do not duplicate170 product files inside evidence. Exact Git blob/source hashes remain in the included build manifest and runtime receipts.
/home/morgana/.codex/worktrees/assembled-allied-ai/orcs-vs-Fairies/src/ui/ObjectivePanel.ts	18698	80c1e8b73c3baf9e8d1cf4fac5ff3cdabdea195e4ea4fc2892960c40395d5a15	product-source-or-config-already-in-git	Already retained in the repository Git tree at the frozen product pin. Do not duplicate170 product files inside evidence. Exact Git blob/source hashes remain in the included build manifest and runtime receipts.
/home/morgana/.codex/worktrees/assembled-allied-ai/orcs-vs-Fairies/src/ui/OnlineLobby.ts	29283	91b8e98d7a3ec977186da829e7ba8aca7b3ddfead1fcf603e58a66bc672d597b	product-source-or-config-already-in-git	Already retained in the repository Git tree at the frozen product pin. Do not duplicate170 product files inside evidence. Exact Git blob/source hashes remain in the included build manifest and runtime receipts.
/home/morgana/.codex/worktrees/assembled-allied-ai/orcs-vs-Fairies/src/ui/PlanningTools.ts	23381	6247d23bc23d2f8d0fa128315bbce3bbc7172c49946049f7b0fc536b953a94e7	product-source-or-config-already-in-git	Already retained in the repository Git tree at the frozen product pin. Do not duplicate170 product files inside evidence. Exact Git blob/source hashes remain in the included build manifest and runtime receipts.
/home/morgana/.codex/worktrees/assembled-allied-ai/orcs-vs-Fairies/src/ui/PracticeCoach.ts	9027	089ba4d8c7324b80957da2e7637985cab115d323f9f1eec733356b0df3382175	product-source-or-config-already-in-git	Already retained in the repository Git tree at the frozen product pin. Do not duplicate170 product files inside evidence. Exact Git blob/source hashes remain in the included build manifest and runtime receipts.
/home/morgana/.codex/worktrees/assembled-allied-ai/orcs-vs-Fairies/src/ui/ScenarioAuthoring.ts	43646	0ad2833c71d6b76a4f09ac31fdc5cf93f90e72a39e255681bf6cfb95732e7d16	product-source-or-config-already-in-git	Already retained in the repository Git tree at the frozen product pin. Do not duplicate170 product files inside evidence. Exact Git blob/source hashes remain in the included build manifest and runtime receipts.
/home/morgana/.codex/worktrees/assembled-allied-ai/orcs-vs-Fairies/src/ui/ScenarioCampaignHost.ts	16640	352725a6ba02836a0f6e95894dbbb17cf703ef68f6b5e53b0b6553187a4b4a53	product-source-or-config-already-in-git	Already retained in the repository Git tree at the frozen product pin. Do not duplicate170 product files inside evidence. Exact Git blob/source hashes remain in the included build manifest and runtime receipts.
/home/morgana/.codex/worktrees/assembled-allied-ai/orcs-vs-Fairies/src/ui/ScenarioTools.ts	12159	4eef03cbffcd9bf434c2684b0649fe86cd9b0a591eb50012fd24ba32df2e1176	product-source-or-config-already-in-git	Already retained in the repository Git tree at the frozen product pin. Do not duplicate170 product files inside evidence. Exact Git blob/source hashes remain in the included build manifest and runtime receipts.
/home/morgana/.codex/worktrees/assembled-allied-ai/orcs-vs-Fairies/src/ui/SessionTools.ts	47196	e1e36fec742ba8fb0533abdb6a908ab2a8c9574649e435068efbf5d53575db1a	product-source-or-config-already-in-git	Already retained in the repository Git tree at the frozen product pin. Do not duplicate170 product files inside evidence. Exact Git blob/source hashes remain in the included build manifest and runtime receipts.
/home/morgana/.codex/worktrees/assembled-allied-ai/orcs-vs-Fairies/src/ui/SkirmishOptions.ts	6413	e8c9ea0133a4913dc3cc77e0b9c2d0c33fa8d8373882d5656627cc78e20ba58a	product-source-or-config-already-in-git	Already retained in the repository Git tree at the frozen product pin. Do not duplicate170 product files inside evidence. Exact Git blob/source hashes remain in the included build manifest and runtime receipts.
/home/morgana/.codex/worktrees/assembled-allied-ai/orcs-vs-Fairies/src/ui/SkirmishRoster.ts	18764	a27fada09e0234323afbd3972d2ae833db7783ede34901418b27ec5f7ec8204d	product-source-or-config-already-in-git	Already retained in the repository Git tree at the frozen product pin. Do not duplicate170 product files inside evidence. Exact Git blob/source hashes remain in the included build manifest and runtime receipts.
/home/morgana/.codex/worktrees/assembled-allied-ai/orcs-vs-Fairies/src/ui/TacticsTools.ts	18409	e70b9bc289c7ac320e90f30fafe52f680d017b46476b3c7210e788fc2fd838c1	product-source-or-config-already-in-git	Already retained in the repository Git tree at the frozen product pin. Do not duplicate170 product files inside evidence. Exact Git blob/source hashes remain in the included build manifest and runtime receipts.
/home/morgana/.codex/worktrees/assembled-allied-ai/orcs-vs-Fairies/src/ui/TeamAITools.ts	2824	c4bdeb35140acedbcb6b46d3a3c8d48551863210381ff8485b899851c5a2a543	product-source-or-config-already-in-git	Already retained in the repository Git tree at the frozen product pin. Do not duplicate170 product files inside evidence. Exact Git blob/source hashes remain in the included build manifest and runtime receipts.
/home/morgana/.codex/worktrees/assembled-allied-ai/orcs-vs-Fairies/src/ui/TechnologyTree.ts	4596	eed79508f6a16891e1cc16f4d822d4f46e05af5ed6b8c1b0ccd333bf03d78694	product-source-or-config-already-in-git	Already retained in the repository Git tree at the frozen product pin. Do not duplicate170 product files inside evidence. Exact Git blob/source hashes remain in the included build manifest and runtime receipts.
/home/morgana/.codex/worktrees/assembled-allied-ai/orcs-vs-Fairies/src/ui/Tooltip.ts	1440	7e4304346dd61c3e1024358e6081bf6b8298ff0758ea9776c8d48111fc8c236d	product-source-or-config-already-in-git	Already retained in the repository Git tree at the frozen product pin. Do not duplicate170 product files inside evidence. Exact Git blob/source hashes remain in the included build manifest and runtime receipts.
/home/morgana/.codex/worktrees/assembled-allied-ai/orcs-vs-Fairies/src/ui/TournamentDashboard.ts	25690	e6f39eb2fc9256803fb2448d73f8db2cf88ded1923da237951a3d432462af065	product-source-or-config-already-in-git	Already retained in the repository Git tree at the frozen product pin. Do not duplicate170 product files inside evidence. Exact Git blob/source hashes remain in the included build manifest and runtime receipts.
/home/morgana/.codex/worktrees/assembled-allied-ai/orcs-vs-Fairies/src/ui/WorldTools.ts	8644	de578d72a8aaad99ad25bbe5b01dddf61fa4981eaeac999dcbc4975c3abe449c	product-source-or-config-already-in-git	Already retained in the repository Git tree at the frozen product pin. Do not duplicate170 product files inside evidence. Exact Git blob/source hashes remain in the included build manifest and runtime receipts.
/home/morgana/.codex/worktrees/assembled-allied-ai/orcs-vs-Fairies/src/ui/availability.ts	1902	40926116445d719dafe63c5ca763a63ffba67718129a88734ec6448366c5185d	product-source-or-config-already-in-git	Already retained in the repository Git tree at the frozen product pin. Do not duplicate170 product files inside evidence. Exact Git blob/source hashes remain in the included build manifest and runtime receipts.
/home/morgana/.codex/worktrees/assembled-allied-ai/orcs-vs-Fairies/src/ui/community-browser.css	2561	3b59f418c756254240c2385a97553140534f8dfa2a6f7b253fdae2c7814cc5a0	product-source-or-config-already-in-git	Already retained in the repository Git tree at the frozen product pin. Do not duplicate170 product files inside evidence. Exact Git blob/source hashes remain in the included build manifest and runtime receipts.
/home/morgana/.codex/worktrees/assembled-allied-ai/orcs-vs-Fairies/src/ui/competition-tools.css	2256	8a485b28d3f10fe73acac5f722e2fd3e0d397b5cb322a8702c0e8206aa7dbd89	product-source-or-config-already-in-git	Already retained in the repository Git tree at the frozen product pin. Do not duplicate170 product files inside evidence. Exact Git blob/source hashes remain in the included build manifest and runtime receipts.
/home/morgana/.codex/worktrees/assembled-allied-ai/orcs-vs-Fairies/src/ui/conquest-tools.css	1454	e1163a46326d5d151d0d475643a32f6f0b2c049d7bbbc348262671718612028d	product-source-or-config-already-in-git	Already retained in the repository Git tree at the frozen product pin. Do not duplicate170 product files inside evidence. Exact Git blob/source hashes remain in the included build manifest and runtime receipts.
/home/morgana/.codex/worktrees/assembled-allied-ai/orcs-vs-Fairies/src/ui/cosmetic-tools.css	1878	8935b7c6b5283c2437c2161bd4dde29a256ad0412a19488571fe42a62a7f2fd5	product-source-or-config-already-in-git	Already retained in the repository Git tree at the frozen product pin. Do not duplicate170 product files inside evidence. Exact Git blob/source hashes remain in the included build manifest and runtime receipts.
/home/morgana/.codex/worktrees/assembled-allied-ai/orcs-vs-Fairies/src/ui/display-settings.css	4313	1dfd7358288814861ad67e2350fdf8d74310932f286634cb8e9eb68ac392f65d	product-source-or-config-already-in-git	Already retained in the repository Git tree at the frozen product pin. Do not duplicate170 product files inside evidence. Exact Git blob/source hashes remain in the included build manifest and runtime receipts.
/home/morgana/.codex/worktrees/assembled-allied-ai/orcs-vs-Fairies/src/ui/economy-tools.css	3242	79ed95fec17ad4767b5f53b6b0189c3233ae9db59ec311bfff0838a3ffa25e60	product-source-or-config-already-in-git	Already retained in the repository Git tree at the frozen product pin. Do not duplicate170 product files inside evidence. Exact Git blob/source hashes remain in the included build manifest and runtime receipts.
/home/morgana/.codex/worktrees/assembled-allied-ai/orcs-vs-Fairies/src/ui/editor-tools.css	3362	43c624286ad5d55870714e3651d855d672e073e4d5731c1e06f2a086c432c05f	product-source-or-config-already-in-git	Already retained in the repository Git tree at the frozen product pin. Do not duplicate170 product files inside evidence. Exact Git blob/source hashes remain in the included build manifest and runtime receipts.
/home/morgana/.codex/worktrees/assembled-allied-ai/orcs-vs-Fairies/src/ui/faction-tools.css	2385	8d4891cc6c9fae47476f475a25db3ba545079dbc1dae734ab7e568fa802c0935	product-source-or-config-already-in-git	Already retained in the repository Git tree at the frozen product pin. Do not duplicate170 product files inside evidence. Exact Git blob/source hashes remain in the included build manifest and runtime receipts.
/home/morgana/.codex/worktrees/assembled-allied-ai/orcs-vs-Fairies/src/ui/match-rules.css	1651	b3288d9224c955e769340c4996f41ef50fc5aaab68956a48240dec0cb8856277	product-source-or-config-already-in-git	Already retained in the repository Git tree at the frozen product pin. Do not duplicate170 product files inside evidence. Exact Git blob/source hashes remain in the included build manifest and runtime receipts.
/home/morgana/.codex/worktrees/assembled-allied-ai/orcs-vs-Fairies/src/ui/minimap-alerts.css	518	f7487266a24d54979f2febd467eafd2f2976d40dc8dd91269fc99f57deb6a9d0	product-source-or-config-already-in-git	Already retained in the repository Git tree at the frozen product pin. Do not duplicate170 product files inside evidence. Exact Git blob/source hashes remain in the included build manifest and runtime receipts.
/home/morgana/.codex/worktrees/assembled-allied-ai/orcs-vs-Fairies/src/ui/mod-library.css	3572	3020b8216ea43b65915e1b08e569141f54aa9fcda48b101a11cd40ba0716ffe2	product-source-or-config-already-in-git	Already retained in the repository Git tree at the frozen product pin. Do not duplicate170 product files inside evidence. Exact Git blob/source hashes remain in the included build manifest and runtime receipts.
/home/morgana/.codex/worktrees/assembled-allied-ai/orcs-vs-Fairies/src/ui/objective-panel.css	2205	a563bdd6f9ad6b127d0d7fbaa11e1f8303f1e0b3d02d0fcc0e895769df300c1b	product-source-or-config-already-in-git	Already retained in the repository Git tree at the frozen product pin. Do not duplicate170 product files inside evidence. Exact Git blob/source hashes remain in the included build manifest and runtime receipts.
/home/morgana/.codex/worktrees/assembled-allied-ai/orcs-vs-Fairies/src/ui/online-lobby.css	3684	00d70536f7cc4c0afeecfec4aa1e2c43c1764d3db9b9140bbc90045ee7f9d7cd	product-source-or-config-already-in-git	Already retained in the repository Git tree at the frozen product pin. Do not duplicate170 product files inside evidence. Exact Git blob/source hashes remain in the included build manifest and runtime receipts.
/home/morgana/.codex/worktrees/assembled-allied-ai/orcs-vs-Fairies/src/ui/practice-coach.css	2124	80f91504b074ae5f58c609a1dd4a4553d0887b620f4f1d2e6afaf331a2e66038	product-source-or-config-already-in-git	Already retained in the repository Git tree at the frozen product pin. Do not duplicate170 product files inside evidence. Exact Git blob/source hashes remain in the included build manifest and runtime receipts.
/home/morgana/.codex/worktrees/assembled-allied-ai/orcs-vs-Fairies/src/ui/scenario-authoring.css	2330	eea9015230e1f68c3630da0bb1b0402e76761552a3ac2e3487247b9e317cd91a	product-source-or-config-already-in-git	Already retained in the repository Git tree at the frozen product pin. Do not duplicate170 product files inside evidence. Exact Git blob/source hashes remain in the included build manifest and runtime receipts.
/home/morgana/.codex/worktrees/assembled-allied-ai/orcs-vs-Fairies/src/ui/scenario-host.css	577	ce52c1746e915916f49e90dbfa1d6b2ab44d18d9e9536ff56e047787f8cf788c	product-source-or-config-already-in-git	Already retained in the repository Git tree at the frozen product pin. Do not duplicate170 product files inside evidence. Exact Git blob/source hashes remain in the included build manifest and runtime receipts.
/home/morgana/.codex/worktrees/assembled-allied-ai/orcs-vs-Fairies/src/ui/scenario-tools.css	1549	31742caf61a193e43ae7a6cd3ad3e6b8969f61968077eb7caed0add0e6573403	product-source-or-config-already-in-git	Already retained in the repository Git tree at the frozen product pin. Do not duplicate170 product files inside evidence. Exact Git blob/source hashes remain in the included build manifest and runtime receipts.
/home/morgana/.codex/worktrees/assembled-allied-ai/orcs-vs-Fairies/src/ui/session-tools.css	5593	3ffabda15f8f82c7b9f94540e9a69b968baf400ed5a55c95617562c351642cff	product-source-or-config-already-in-git	Already retained in the repository Git tree at the frozen product pin. Do not duplicate170 product files inside evidence. Exact Git blob/source hashes remain in the included build manifest and runtime receipts.
/home/morgana/.codex/worktrees/assembled-allied-ai/orcs-vs-Fairies/src/ui/skirmish-roster.css	4621	1a81c18ded6ff3c0071db1410d1e716cb5e35e579ed7ef8adaba541080028387	product-source-or-config-already-in-git	Already retained in the repository Git tree at the frozen product pin. Do not duplicate170 product files inside evidence. Exact Git blob/source hashes remain in the included build manifest and runtime receipts.
/home/morgana/.codex/worktrees/assembled-allied-ai/orcs-vs-Fairies/src/ui/specialist-ui.css	547	e6e04cf3412b9cc6cc751959f70663b1dc7b22d26902d5518b66ce4306ebc236	product-source-or-config-already-in-git	Already retained in the repository Git tree at the frozen product pin. Do not duplicate170 product files inside evidence. Exact Git blob/source hashes remain in the included build manifest and runtime receipts.
/home/morgana/.codex/worktrees/assembled-allied-ai/orcs-vs-Fairies/src/ui/style.css	25034	c38377862db672c6b40cdb2859ced14837ca166a42d327c285d45f44da0a3f9d	product-source-or-config-already-in-git	Already retained in the repository Git tree at the frozen product pin. Do not duplicate170 product files inside evidence. Exact Git blob/source hashes remain in the included build manifest and runtime receipts.
/home/morgana/.codex/worktrees/assembled-allied-ai/orcs-vs-Fairies/src/ui/tactics-tools.css	2483	35ab8a586ac2eeafb5f32b4afb62272328cd79d8df9b0e8a1b58b47e86f0d4f8	product-source-or-config-already-in-git	Already retained in the repository Git tree at the frozen product pin. Do not duplicate170 product files inside evidence. Exact Git blob/source hashes remain in the included build manifest and runtime receipts.
/home/morgana/.codex/worktrees/assembled-allied-ai/orcs-vs-Fairies/src/ui/tournament-dashboard.css	4201	071667fd29d795a307d43a6067616f6fdfbb3a3556252d29a406e57f2e2a8137	product-source-or-config-already-in-git	Already retained in the repository Git tree at the frozen product pin. Do not duplicate170 product files inside evidence. Exact Git blob/source hashes remain in the included build manifest and runtime receipts.
/home/morgana/.codex/worktrees/assembled-allied-ai/orcs-vs-Fairies/src/ui/world-tools.css	1194	c3aab924fe100e8e204855ccdd4c28cf1dbad0872174d30acf17d5289f986cb5	product-source-or-config-already-in-git	Already retained in the repository Git tree at the frozen product pin. Do not duplicate170 product files inside evidence. Exact Git blob/source hashes remain in the included build manifest and runtime receipts.
/home/morgana/.codex/worktrees/assembled-allied-ai/orcs-vs-Fairies/src/vite-env.d.ts	38	65996936fbb042915f7b74a200fcdde7e410f32a669b1ab9597cfaa4b0faddb5	product-source-or-config-already-in-git	Already retained in the repository Git tree at the frozen product pin. Do not duplicate170 product files inside evidence. Exact Git blob/source hashes remain in the included build manifest and runtime receipts.
/home/morgana/.codex/worktrees/assembled-allied-ai/orcs-vs-Fairies/tsconfig.json	243	097f624958954274dab46f515239454a6d50b5bc92fe21d6bb8407d636b17264	product-source-or-config-already-in-git	Already retained in the repository Git tree at the frozen product pin. Do not duplicate170 product files inside evidence. Exact Git blob/source hashes remain in the included build manifest and runtime receipts.
/home/morgana/.codex/worktrees/assembled-allied-ai/orcs-vs-Fairies/vite.config.ts	1273	07ecab9f882157c91a59b4c67c84f85c9c3b21e357039a3cb28346aa56165289	product-source-or-config-already-in-git	Already retained in the repository Git tree at the frozen product pin. Do not duplicate170 product files inside evidence. Exact Git blob/source hashes remain in the included build manifest and runtime receipts.
/home/morgana/.codex/worktrees/assembled-allied-ai/orcs-vs-Fairies/vitest.config.ts	116	c2c9ee7cefe55e153af12ea8b44612dabec23fa0f12c0953afc396f901dfafac	product-source-or-config-already-in-git	Already retained in the repository Git tree at the frozen product pin. Do not duplicate170 product files inside evidence. Exact Git blob/source hashes remain in the included build manifest and runtime receipts.
/home/linuxbrew/.linuxbrew/Cellar/node@24/24.21.0/bin/node	35800	89488320350cb9299a4fb35180fc546b20cd6dfde284f0881fd9a4d65ba25aee	installed-toolchain-original	Installed Node/esbuild files are execution-environment originals, not project evidence to vendor. Preserve their recorded execution fingerprints in included preflight/authentication records.
/home/morgana/Projects/orcs-vs-Fairies/node_modules/esbuild/package.json	3980	9d0bc453f4e791553c4cc2298ba023b409241fd9801e494741666eb0f6051490	installed-toolchain-original	Installed Node/esbuild files are execution-environment originals, not project evidence to vendor. Preserve their recorded execution fingerprints in included preflight/authentication records.
/home/morgana/Projects/orcs-vs-Fairies/node_modules/esbuild/lib/main.js	97463	61ec0ba144ff93f4bf0e96ad6fab6f430ede0aa13e27ace8063ed63ba416b3cd	installed-toolchain-original	Installed Node/esbuild files are execution-environment originals, not project evidence to vendor. Preserve their recorded execution fingerprints in included preflight/authentication records.
/home/morgana/Projects/orcs-vs-Fairies/node_modules/@esbuild/linux-x64/package.json	372	a3924c1835c7849adeb3d82ac24525da0d4190607b60d05265dc6746bde2ddb8	installed-toolchain-original	Installed Node/esbuild files are execution-environment originals, not project evidence to vendor. Preserve their recorded execution fingerprints in included preflight/authentication records.
/home/morgana/Projects/orcs-vs-Fairies/node_modules/@esbuild/linux-x64/bin/esbuild	11427952	e1698a3d5c6c0798fee4fd3b5cc816651f460c63d390a7a26ea4beb0b1884100	installed-toolchain-original	Installed Node/esbuild files are execution-environment originals, not project evidence to vendor. Preserve their recorded execution fingerprints in included preflight/authentication records.
