source_path	proposed_docs_relative_target	bytes	sha256	mode	classification	in_original_44_inventory
/tmp/orcs-id53-executable-453c221-hvEbs6/artifact-inventory.json	docs/evidence/ai-original-coverage-20261001/id53-opening-probe-453c221/artifact-inventory.json	12951	fdd81d442501eb3640bf23ab6265e4385debefdb98401d350332487675d6b208	0o644	original-44-file-inventory	False
/tmp/orcs-id53-build-453c221-hvEbs6/build-manifest.json	docs/evidence/ai-original-coverage-20261001/id53-opening-probe-453c221/build/build-manifest.json	72186	802ef50d0b9b412f897ef33291ff601d0e4050701fc67b1b3e81b8941169f95c	0o644	build-identity-manifest	True
/tmp/orcs-id53-build-453c221-hvEbs6/driver.metafile.json	docs/evidence/ai-original-coverage-20261001/id53-opening-probe-453c221/build/driver.metafile.json	59633	4e812d44d8fc088bdac3aa1f2e3b6a46a6f2ad7076e852ab31235cc64a9390b6	0o644	esbuild-metafile	True
/tmp/orcs-id53-build-453c221-hvEbs6/driver.mjs	docs/evidence/ai-original-coverage-20261001/id53-opening-probe-453c221/build/driver.mjs	804377	09b496d5b05fbf3716d5a421d3d6573c18cd959b97fe9b9c3d5c289acc52dd15	0o644	compiled-native-bundle	True
/tmp/orcs-id53-build-453c221-hvEbs6/validator.metafile.json	docs/evidence/ai-original-coverage-20261001/id53-opening-probe-453c221/build/validator.metafile.json	56530	18cfaf86ae876056cb5149043a8bbf26b8057c14d30cef59e57f52b1e96f46fb	0o644	esbuild-metafile	True
/tmp/orcs-id53-build-453c221-hvEbs6/validator.mjs	docs/evidence/ai-original-coverage-20261001/id53-opening-probe-453c221/build/validator.mjs	769040	cd8c9dd5699cf0436cca03b65ba98654ef9ac2ca99efca5a182bc82d1ad9bed5	0o644	compiled-native-bundle	True
/home/morgana/.codex/worktrees/assembled-allied-ai/orcs-vs-Fairies/work/ai-save401-final-c86e273-r1/original-coverage-r1/id53-public-command-probe-outline.json	docs/evidence/ai-original-coverage-20261001/id53-opening-probe-453c221/preparation/id53-public-command-probe-outline.json	3148	e775e7265697998c67814bafc10d9c376348c8369ab2aa3fc767b650bfea0749	0o644	historical-outline-input	False
/tmp/orcs-id53-run-453c221-hvEbs6/comparison.json	docs/evidence/ai-original-coverage-20261001/id53-opening-probe-453c221/run/comparison.json	4703	ad37b2be1c980dcd748fc90066d8449f0502db41d088eb2b86732e597f4dce81	0o644	native-verification-review-comparison-or-run-receipt	True
/tmp/orcs-id53-run-453c221-hvEbs6/depot-first-pressure/checkpoint-at-first-worker-attack-command-session.json	docs/evidence/ai-original-coverage-20261001/id53-opening-probe-453c221/run/depot-first-pressure/checkpoint-at-first-worker-attack-command-session.json	174386	2ecd2dcd14fbc4499a8aedd5b7a73487ab929a61d263b80fcc5223f350cb92fd	0o644	raw-native-session	True
/tmp/orcs-id53-run-453c221-hvEbs6/depot-first-pressure/command-observations.jsonl	docs/evidence/ai-original-coverage-20261001/id53-opening-probe-453c221/run/depot-first-pressure/command-observations.jsonl	1183182	36ee575e85dbec746ad88a9defae6f1c3680a6b6a16a9877a00b6c1e860a4729	0o644	raw-command-payment-production-or-combat-evidence	True
/tmp/orcs-id53-run-453c221-hvEbs6/depot-first-pressure/endpoint-session.json	docs/evidence/ai-original-coverage-20261001/id53-opening-probe-453c221/run/depot-first-pressure/endpoint-session.json	189438	538b8938848c44bfcf21e261b54804f424cf5baf7314f0fffcc3e936529dc6bb	0o644	raw-native-session	True
/tmp/orcs-id53-run-453c221-hvEbs6/depot-first-pressure/endpoint-verification.json	docs/evidence/ai-original-coverage-20261001/id53-opening-probe-453c221/run/depot-first-pressure/endpoint-verification.json	62829	44a69ba776ee5c78dd9a99bef9de3a5256df64fcff55ef36f95510e9a36dcad7	0o644	native-verification-review-comparison-or-run-receipt	True
/tmp/orcs-id53-run-453c221-hvEbs6/depot-first-pressure/initial-save4.json	docs/evidence/ai-original-coverage-20261001/id53-opening-probe-453c221/run/depot-first-pressure/initial-save4.json	55033	a340a3ace693722df7a86c1b5d5ada145ff3f35119d3f2a9849ac196ecefa851	0o644	raw-native-initial-save	True
/tmp/orcs-id53-run-453c221-hvEbs6/depot-first-pressure/ordinary-hit-events.jsonl	docs/evidence/ai-original-coverage-20261001/id53-opening-probe-453c221/run/depot-first-pressure/ordinary-hit-events.jsonl	968695	7cf0b8d749d5b64dbf59454d09a32ae592dbb7baf37289f3692bc047e86f1ee0	0o644	raw-command-payment-production-or-combat-evidence	True
/tmp/orcs-id53-run-453c221-hvEbs6/depot-first-pressure/paid-spend-and-production.jsonl	docs/evidence/ai-original-coverage-20261001/id53-opening-probe-453c221/run/depot-first-pressure/paid-spend-and-production.jsonl	4240217	a3b6154afc2f3d6f066c2f7c2fecae62751ccf8ceb32ffc2a4ea1b611be9c291	0o644	raw-command-payment-production-or-combat-evidence	True
/tmp/orcs-id53-run-453c221-hvEbs6/depot-first-pressure/run-receipt.json	docs/evidence/ai-original-coverage-20261001/id53-opening-probe-453c221/run/depot-first-pressure/run-receipt.json	24514	fe9efb9ab0cc3c124178703e42f8ebf7e2be0df36ea74cbf400d389ebbb559f9	0o644	native-verification-review-comparison-or-run-receipt	True
/tmp/orcs-id53-run-453c221-hvEbs6/driver-receipt.json	docs/evidence/ai-original-coverage-20261001/id53-opening-probe-453c221/run/driver-receipt.json	65108	cfd2ce11c02cfdcc92ec8147ea0bf6e6ce3afbdd2482bf1f816bf4059d0435cd	0o644	native-verification-review-comparison-or-run-receipt	True
/tmp/orcs-id53-run-453c221-hvEbs6/executed-recipe.json	docs/evidence/ai-original-coverage-20261001/id53-opening-probe-453c221/run/executed-recipe.json	17967	505cef9d93b8dcffb97682e17a607dccaf5d24d9c6d5ea6e2011c57766fde69b	0o644	native-verification-review-comparison-or-run-receipt	True
/tmp/orcs-id53-run-453c221-hvEbs6/final-receipt.json	docs/evidence/ai-original-coverage-20261001/id53-opening-probe-453c221/run/final-receipt.json	9403	b2e110667230bfb6c37806581f3259dedd15e3bdb1e30c2c704eb01e19afe547	0o644	native-verification-review-comparison-or-run-receipt	True
/tmp/orcs-id53-run-453c221-hvEbs6/infantry-control/checkpoint-at-first-worker-attack-command-session.json	docs/evidence/ai-original-coverage-20261001/id53-opening-probe-453c221/run/infantry-control/checkpoint-at-first-worker-attack-command-session.json	174123	e48a9e1897e047205df0ff2447b035af605983aeac2914849744d2e1473bfbf4	0o644	raw-native-session	True
/tmp/orcs-id53-run-453c221-hvEbs6/infantry-control/command-observations.jsonl	docs/evidence/ai-original-coverage-20261001/id53-opening-probe-453c221/run/infantry-control/command-observations.jsonl	886359	359b629a54dcc048eb73914ca2a8c005078d0d7d4b7e0b4f631b8bebdbd037d3	0o644	raw-command-payment-production-or-combat-evidence	True
/tmp/orcs-id53-run-453c221-hvEbs6/infantry-control/endpoint-session.json	docs/evidence/ai-original-coverage-20261001/id53-opening-probe-453c221/run/infantry-control/endpoint-session.json	187115	d22fbefa0cf88dae94caa3affa7533f9e6ce3d6fecfe11b16e097c6bc5b3901e	0o644	raw-native-session	True
/tmp/orcs-id53-run-453c221-hvEbs6/infantry-control/endpoint-verification.json	docs/evidence/ai-original-coverage-20261001/id53-opening-probe-453c221/run/infantry-control/endpoint-verification.json	62821	63d5d913c7466113a5c10c4abc02f27e70c25a4f04e60c6000298a15d88990c6	0o644	native-verification-review-comparison-or-run-receipt	True
/tmp/orcs-id53-run-453c221-hvEbs6/infantry-control/initial-save4.json	docs/evidence/ai-original-coverage-20261001/id53-opening-probe-453c221/run/infantry-control/initial-save4.json	55032	9d1d8f33c89527e1b5ae289e006186ceb8d3d179f62b37ae8f000f12321ea3b8	0o644	raw-native-initial-save	True
/tmp/orcs-id53-run-453c221-hvEbs6/infantry-control/ordinary-hit-events.jsonl	docs/evidence/ai-original-coverage-20261001/id53-opening-probe-453c221/run/infantry-control/ordinary-hit-events.jsonl	715932	8c90db92a2ca765132164bb4bd9a64c79f9350510b0388de589e5d605972e3a6	0o644	raw-command-payment-production-or-combat-evidence	True
/tmp/orcs-id53-run-453c221-hvEbs6/infantry-control/paid-spend-and-production.jsonl	docs/evidence/ai-original-coverage-20261001/id53-opening-probe-453c221/run/infantry-control/paid-spend-and-production.jsonl	2964228	858ffdbc59044f6db2aef1557275f38d4529d9484a8ef93b17105f4fe3360140	0o644	raw-command-payment-production-or-combat-evidence	True
/tmp/orcs-id53-run-453c221-hvEbs6/infantry-control/run-receipt.json	docs/evidence/ai-original-coverage-20261001/id53-opening-probe-453c221/run/infantry-control/run-receipt.json	22989	0cdfdac0bebbc54cab1f286447949887463b87ec104b85e8655bb41899d8d702	0o644	native-verification-review-comparison-or-run-receipt	True
/tmp/orcs-id53-run-453c221-hvEbs6/supervisor-receipt.json	docs/evidence/ai-original-coverage-20261001/id53-opening-probe-453c221/run/supervisor-receipt.json	4543	834dd2ca2c919b6c1b7b4d2006b57fbb093c54b8e445e9432dc05ce61b574e09	0o644	native-verification-review-comparison-or-run-receipt	True
/tmp/orcs-id53-executable-453c221-hvEbs6/build-authentication.json	docs/evidence/ai-original-coverage-20261001/id53-opening-probe-453c221/source/build-authentication.json	1505	d8fd9b4a884c6c68ca6c478516de933b7cf9dba4f20924dfe40fca96678984d0	0o644	source-authentication-review-or-execution-receipt	True
/tmp/orcs-id53-executable-453c221-hvEbs6/build.stderr.txt	docs/evidence/ai-original-coverage-20261001/id53-opening-probe-453c221/source/build.stderr.txt	0	e3b0c44298fc1c149afbf4c8996fb92427ae41e4649b934ca495991b7852b855	0o644	raw-build-or-run-log	True
/tmp/orcs-id53-executable-453c221-hvEbs6/build.stdout.txt	docs/evidence/ai-original-coverage-20261001/id53-opening-probe-453c221/source/build.stdout.txt	156	bbbbf9ff35edf71892926241780cd698c202fa27d0e61f652a0ccf2506f3df48	0o644	raw-build-or-run-log	True
/tmp/orcs-id53-executable-453c221-hvEbs6/driver.ts	docs/evidence/ai-original-coverage-20261001/id53-opening-probe-453c221/source/driver.ts	30049	956ddbfe4bee59ab7829595fba2fc3997600e2541ff54efd62c7dc3c93759f5f	0o644	executable-proof-source	True
/tmp/orcs-id53-executable-453c221-hvEbs6/execution-closeout.json	docs/evidence/ai-original-coverage-20261001/id53-opening-probe-453c221/source/execution-closeout.json	9003	f167e4836625df8231ff676727a9f04152d91e930a75149dc863770a155297bf	0o644	source-authentication-review-or-execution-receipt	True
/tmp/orcs-id53-executable-453c221-hvEbs6/execution-preflight.json	docs/evidence/ai-original-coverage-20261001/id53-opening-probe-453c221/source/execution-preflight.json	3374	c07e457920baf8164bbdf0f7e1b6589c567a060210d2109000b7a757d5dafc39	0o644	source-authentication-review-or-execution-receipt	True
/tmp/orcs-id53-executable-453c221-hvEbs6/finalize.mjs	docs/evidence/ai-original-coverage-20261001/id53-opening-probe-453c221/source/finalize.mjs	5193	4e7c7ca4ac1a7153713612d7c6d02579d9cd8ebe26d07d46af52d92bd989ef41	0o644	executable-proof-source	True
/tmp/orcs-id53-executable-453c221-hvEbs6/independent-file-review.json	docs/evidence/ai-original-coverage-20261001/id53-opening-probe-453c221/source/independent-file-review.json	1436	6119d5c547a9a68b64c722941347a437bd690bda542acd2b7b18f68eaae4c419	0o644	source-authentication-review-or-execution-receipt	True
/tmp/orcs-id53-executable-453c221-hvEbs6/native-validator.ts	docs/evidence/ai-original-coverage-20261001/id53-opening-probe-453c221/source/native-validator.ts	4015	ffcaeca9e9ef78d47d74b58ff4380878f613dc7352e27475460a0e207141b636	0o644	executable-proof-source	True
/tmp/orcs-id53-executable-453c221-hvEbs6/prepare.mjs	docs/evidence/ai-original-coverage-20261001/id53-opening-probe-453c221/source/prepare.mjs	5314	d9fb56c47e770c984c6f1660aabff2281682f7220f33be05882402b78120378f	0o644	executable-proof-source	True
/tmp/orcs-id53-executable-453c221-hvEbs6/provenance.ts	docs/evidence/ai-original-coverage-20261001/id53-opening-probe-453c221/source/provenance.ts	5994	46bcf77029f8d34be0b21aca0f78eef05a3dfc1e93169c9bd5ca961840f917cb	0o644	executable-proof-source	True
/tmp/orcs-id53-executable-453c221-hvEbs6/raw-evidence-crosscheck.json	docs/evidence/ai-original-coverage-20261001/id53-opening-probe-453c221/source/raw-evidence-crosscheck.json	1493	55ef201862d26077b370a6b720726c76aa98a8d80852178d5026606fdb55b3b7	0o644	source-authentication-review-or-execution-receipt	True
/tmp/orcs-id53-executable-453c221-hvEbs6/recipe.json	docs/evidence/ai-original-coverage-20261001/id53-opening-probe-453c221/source/recipe.json	17976	71d2a8d27fa3ff7aead27fd52c0e8ec958d10484d34a10087c790696e105b3f8	0o644	proof-configuration-source	True
/tmp/orcs-id53-executable-453c221-hvEbs6/run-supervisor.mjs	docs/evidence/ai-original-coverage-20261001/id53-opening-probe-453c221/source/run-supervisor.mjs	6766	7afb7889a637175ffbc7bb7d12be2b09dd6e01ff54e8d570ee433c1725359107	0o644	executable-proof-source	True
/tmp/orcs-id53-executable-453c221-hvEbs6/run.sh	docs/evidence/ai-original-coverage-20261001/id53-opening-probe-453c221/source/run.sh	287	f71f8e7f71b660908eab1b84cc4ee90e91c395c665c592d550ece4ff07b2eade	0o755	executable-proof-source	True
/tmp/orcs-id53-executable-453c221-hvEbs6/run.stderr.txt	docs/evidence/ai-original-coverage-20261001/id53-opening-probe-453c221/source/run.stderr.txt	0	e3b0c44298fc1c149afbf4c8996fb92427ae41e4649b934ca495991b7852b855	0o644	raw-build-or-run-log	True
/tmp/orcs-id53-executable-453c221-hvEbs6/run.stdout.txt	docs/evidence/ai-original-coverage-20261001/id53-opening-probe-453c221/source/run.stdout.txt	477	a32e4767b7b5101d29e5655e2a4a9e399d6849ac53f6502b3fcbacebe42ab76a	0o644	raw-build-or-run-log	True
/tmp/orcs-id53-executable-453c221-hvEbs6/source-inventory.json	docs/evidence/ai-original-coverage-20261001/id53-opening-probe-453c221/source/source-inventory.json	6278	b8c3b683b5bfcdb847f61a243e46e6635333d4ef31769471b67ed4bb11c5c80b	0o644	source-authentication-review-or-execution-receipt	True
