original_packet	original_source_pin	original_path	original_bytes	original_sha256	sealed_manifest_sha256	retention_class	plan_action	reason	source_inventory_path	source_inventory_sha256	source_path	source_sha256	source_bytes	original_git_mode	original_git_blob	comparison_source_pin	comparison_git_mode	comparison_git_blob	chain_result
/home/morgana/.codex/worktrees/assembled-allied-ai/orcs-vs-Fairies/work/ai-save401-final-453c221-r1	453c2218af9973b9eca8fb78392435bd9d46a740	allied-ui/enemy-perspective-spectator-frame.json	117351	897ce790c84bb1a96924765b000ef1b2b5c593b1d2afa55478077a2437a289a0	bf8ed2449d14c0f3bcf00d32af4ca831885c08212be96fecc96ebd8d581ee681	native_runs_saves_replays_screenshots	retain_actual_bytes	Retain run-specific artifacts, saves, replays, frames, transport captures, screenshots and outcomes.											actual_bytes_required
/home/morgana/.codex/worktrees/assembled-allied-ai/orcs-vs-Fairies/work/ai-save401-final-453c221-r1	453c2218af9973b9eca8fb78392435bd9d46a740	allied-ui/local-accepted.png	255787	d9dc1e7b94817ccd94e59359f6b90a43837ab07ab3b3942d1db3b93073b46d15	bf8ed2449d14c0f3bcf00d32af4ca831885c08212be96fecc96ebd8d581ee681	native_runs_saves_replays_screenshots	retain_actual_bytes	Retain run-specific artifacts, saves, replays, frames, transport captures, screenshots and outcomes.											actual_bytes_required
/home/morgana/.codex/worktrees/assembled-allied-ai/orcs-vs-Fairies/work/ai-save401-final-453c221-r1	453c2218af9973b9eca8fb78392435bd9d46a740	allied-ui/local-active-save.json	414917	47e873a4e8ef68e7f5ed63fa1b3dadc0e06df22371e23fbc0d81d6cf5d916007	bf8ed2449d14c0f3bcf00d32af4ca831885c08212be96fecc96ebd8d581ee681	native_runs_saves_replays_screenshots	retain_actual_bytes	Retain run-specific artifacts, saves, replays, frames, transport captures, screenshots and outcomes.											actual_bytes_required
/home/morgana/.codex/worktrees/assembled-allied-ai/orcs-vs-Fairies/work/ai-save401-final-453c221-r1	453c2218af9973b9eca8fb78392435bd9d46a740	allied-ui/local-active.png	259256	2c5a12e82828458209a56351d811b0da5d121ddfc912cc4fdd25458046b48966	bf8ed2449d14c0f3bcf00d32af4ca831885c08212be96fecc96ebd8d581ee681	native_runs_saves_replays_screenshots	retain_actual_bytes	Retain run-specific artifacts, saves, replays, frames, transport captures, screenshots and outcomes.											actual_bytes_required
/home/morgana/.codex/worktrees/assembled-allied-ai/orcs-vs-Fairies/work/ai-save401-final-453c221-r1	453c2218af9973b9eca8fb78392435bd9d46a740	allied-ui/local-completed-save.json	416544	747345ad9c7da156e98dc41c99dff769cb832541e4a9ac3bff722a21a55eb759	bf8ed2449d14c0f3bcf00d32af4ca831885c08212be96fecc96ebd8d581ee681	native_runs_saves_replays_screenshots	retain_actual_bytes	Retain run-specific artifacts, saves, replays, frames, transport captures, screenshots and outcomes.											actual_bytes_required
/home/morgana/.codex/worktrees/assembled-allied-ai/orcs-vs-Fairies/work/ai-save401-final-453c221-r1	453c2218af9973b9eca8fb78392435bd9d46a740	allied-ui/local-completed.png	265284	3f64a319a723ec867f70c9cf50663d73f4ca735293a8461498bac9c75efa8516	bf8ed2449d14c0f3bcf00d32af4ca831885c08212be96fecc96ebd8d581ee681	native_runs_saves_replays_screenshots	retain_actual_bytes	Retain run-specific artifacts, saves, replays, frames, transport captures, screenshots and outcomes.											actual_bytes_required
/home/morgana/.codex/worktrees/assembled-allied-ai/orcs-vs-Fairies/work/ai-save401-final-453c221-r1	453c2218af9973b9eca8fb78392435bd9d46a740	allied-ui/local-modal-paused.png	247205	f64ec9805b55a75770e08a4dec7aeb8b799a551b98d46782736f571576656fa4	bf8ed2449d14c0f3bcf00d32af4ca831885c08212be96fecc96ebd8d581ee681	native_runs_saves_replays_screenshots	retain_actual_bytes	Retain run-specific artifacts, saves, replays, frames, transport captures, screenshots and outcomes.											actual_bytes_required
/home/morgana/.codex/worktrees/assembled-allied-ai/orcs-vs-Fairies/work/ai-save401-final-453c221-r1	453c2218af9973b9eca8fb78392435bd9d46a740	allied-ui/local-photo.png	591359	bea3ea5a3334aa7a6592069619bfc5e3ddc7ccc9c92586daf8b5226acc1aab23	bf8ed2449d14c0f3bcf00d32af4ca831885c08212be96fecc96ebd8d581ee681	native_runs_saves_replays_screenshots	retain_actual_bytes	Retain run-specific artifacts, saves, replays, frames, transport captures, screenshots and outcomes.											actual_bytes_required
/home/morgana/.codex/worktrees/assembled-allied-ai/orcs-vs-Fairies/work/ai-save401-final-453c221-r1	453c2218af9973b9eca8fb78392435bd9d46a740	allied-ui/local-production-report.json	463076	6f6391bd847030a66b7a5e70d96575a9550ca5a9d47fd00b8453790f65b0dae5	bf8ed2449d14c0f3bcf00d32af4ca831885c08212be96fecc96ebd8d581ee681	native_runs_saves_replays_screenshots	retain_actual_bytes	Retain run-specific artifacts, saves, replays, frames, transport captures, screenshots and outcomes.											actual_bytes_required
/home/morgana/.codex/worktrees/assembled-allied-ai/orcs-vs-Fairies/work/ai-save401-final-453c221-r1	453c2218af9973b9eca8fb78392435bd9d46a740	allied-ui/local-replay.json	184448	dc9356b1d4965f34d30022c21c599d17e100dca692d8c75ec356e38fa4296bdf	bf8ed2449d14c0f3bcf00d32af4ca831885c08212be96fecc96ebd8d581ee681	native_runs_saves_replays_screenshots	retain_actual_bytes	Retain run-specific artifacts, saves, replays, frames, transport captures, screenshots and outcomes.											actual_bytes_required
/home/morgana/.codex/worktrees/assembled-allied-ai/orcs-vs-Fairies/work/ai-save401-final-453c221-r1	453c2218af9973b9eca8fb78392435bd9d46a740	allied-ui/local-replay.png	714099	994b29fea72f077c99ec6705750d5883ff98bf23f42050efe2fdb98f78761257	bf8ed2449d14c0f3bcf00d32af4ca831885c08212be96fecc96ebd8d581ee681	native_runs_saves_replays_screenshots	retain_actual_bytes	Retain run-specific artifacts, saves, replays, frames, transport captures, screenshots and outcomes.											actual_bytes_required
/home/morgana/.codex/worktrees/assembled-allied-ai/orcs-vs-Fairies/work/ai-save401-final-453c221-r1	453c2218af9973b9eca8fb78392435bd9d46a740	allied-ui/local-transport.json	69	fbfc8e79ad051710eebf28caefb60152caf9846fceb13b1eb8b732ed3270521f	bf8ed2449d14c0f3bcf00d32af4ca831885c08212be96fecc96ebd8d581ee681	native_runs_saves_replays_screenshots	retain_actual_bytes	Retain run-specific artifacts, saves, replays, frames, transport captures, screenshots and outcomes.											actual_bytes_required
/home/morgana/.codex/worktrees/assembled-allied-ai/orcs-vs-Fairies/work/ai-save401-final-453c221-r1	453c2218af9973b9eca8fb78392435bd9d46a740	allied-ui/observations.json	159088	3a5980114a55f7c2b81f489d2e6d65763f1edd60feba3fae83807b347dc5144c	bf8ed2449d14c0f3bcf00d32af4ca831885c08212be96fecc96ebd8d581ee681	native_runs_saves_replays_screenshots	retain_actual_bytes	Retain run-specific artifacts, saves, replays, frames, transport captures, screenshots and outcomes.											actual_bytes_required
/home/morgana/.codex/worktrees/assembled-allied-ai/orcs-vs-Fairies/work/ai-save401-final-453c221-r1	453c2218af9973b9eca8fb78392435bd9d46a740	allied-ui/online-active.png	245784	eb1d9e5d49171c172855c5558085724f1083e3a9c294db7579b6fb78d5738e71	bf8ed2449d14c0f3bcf00d32af4ca831885c08212be96fecc96ebd8d581ee681	native_runs_saves_replays_screenshots	retain_actual_bytes	Retain run-specific artifacts, saves, replays, frames, transport captures, screenshots and outcomes.											actual_bytes_required
/home/morgana/.codex/worktrees/assembled-allied-ai/orcs-vs-Fairies/work/ai-save401-final-453c221-r1	453c2218af9973b9eca8fb78392435bd9d46a740	allied-ui/online-attack-completed.png	254946	5927b14591a7d47e042eb2e19b7188325a56d88df43ebd6383f67704c68cc7c5	bf8ed2449d14c0f3bcf00d32af4ca831885c08212be96fecc96ebd8d581ee681	native_runs_saves_replays_screenshots	retain_actual_bytes	Retain run-specific artifacts, saves, replays, frames, transport captures, screenshots and outcomes.											actual_bytes_required
/home/morgana/.codex/worktrees/assembled-allied-ai/orcs-vs-Fairies/work/ai-save401-final-453c221-r1	453c2218af9973b9eca8fb78392435bd9d46a740	allied-ui/online-completed.png	250293	0f8420fe7c7ffaffc6a505e21122d1d1249b92d262fabefac27b0a6afd0726bc	bf8ed2449d14c0f3bcf00d32af4ca831885c08212be96fecc96ebd8d581ee681	native_runs_saves_replays_screenshots	retain_actual_bytes	Retain run-specific artifacts, saves, replays, frames, transport captures, screenshots and outcomes.											actual_bytes_required
/home/morgana/.codex/worktrees/assembled-allied-ai/orcs-vs-Fairies/work/ai-save401-final-453c221-r1	453c2218af9973b9eca8fb78392435bd9d46a740	allied-ui/online-lobby.png	230959	46849820645cfb496f3a94063473865f0316cce7f298a820ddd55292dbedd8ce	bf8ed2449d14c0f3bcf00d32af4ca831885c08212be96fecc96ebd8d581ee681	native_runs_saves_replays_screenshots	retain_actual_bytes	Retain run-specific artifacts, saves, replays, frames, transport captures, screenshots and outcomes.											actual_bytes_required
/home/morgana/.codex/worktrees/assembled-allied-ai/orcs-vs-Fairies/work/ai-save401-final-453c221-r1	453c2218af9973b9eca8fb78392435bd9d46a740	allied-ui/online-photo.png	538190	49000bfc016c2f7fdc1431499ce5368df9406e8bfdb2cc893a1dd5129527932e	bf8ed2449d14c0f3bcf00d32af4ca831885c08212be96fecc96ebd8d581ee681	native_runs_saves_replays_screenshots	retain_actual_bytes	Retain run-specific artifacts, saves, replays, frames, transport captures, screenshots and outcomes.											actual_bytes_required
/home/morgana/.codex/worktrees/assembled-allied-ai/orcs-vs-Fairies/work/ai-save401-final-453c221-r1	453c2218af9973b9eca8fb78392435bd9d46a740	allied-ui/online-selected-authoritative-frames.json	892753	dc937082025d7a8a4d4f9cdde19a7ae1b188e06289ff85bce56beba8f7b45a72	bf8ed2449d14c0f3bcf00d32af4ca831885c08212be96fecc96ebd8d581ee681	native_runs_saves_replays_screenshots	retain_actual_bytes	Retain run-specific artifacts, saves, replays, frames, transport captures, screenshots and outcomes.											actual_bytes_required
/home/morgana/.codex/worktrees/assembled-allied-ai/orcs-vs-Fairies/work/ai-save401-final-453c221-r1	453c2218af9973b9eca8fb78392435bd9d46a740	allied-ui/online-transport.json	36756147	d3c1c6be8e3690e4c1e027e28856d66eb94491b44d3f6262e6869e2b8c2ffe59	bf8ed2449d14c0f3bcf00d32af4ca831885c08212be96fecc96ebd8d581ee681	native_runs_saves_replays_screenshots	retain_actual_bytes	Retain run-specific artifacts, saves, replays, frames, transport captures, screenshots and outcomes.											actual_bytes_required
/home/morgana/.codex/worktrees/assembled-allied-ai/orcs-vs-Fairies/work/ai-save401-final-453c221-r1	453c2218af9973b9eca8fb78392435bd9d46a740	allied-ui/results.json	11720	e08caf9e0abc25705602b9c104b1557ee8bfe1cbc6f78d51f37a597c4677ec78	bf8ed2449d14c0f3bcf00d32af4ca831885c08212be96fecc96ebd8d581ee681	native_runs_saves_replays_screenshots	retain_actual_bytes	Retain run-specific artifacts, saves, replays, frames, transport captures, screenshots and outcomes.											actual_bytes_required
/home/morgana/.codex/worktrees/assembled-allied-ai/orcs-vs-Fairies/work/ai-save401-final-453c221-r1	453c2218af9973b9eca8fb78392435bd9d46a740	allied-ui/spectator-restricted.png	747360	075cf9dcff435a235128733ae1a45132a76434c8f86eabd8126d8d51745c6556	bf8ed2449d14c0f3bcf00d32af4ca831885c08212be96fecc96ebd8d581ee681	native_runs_saves_replays_screenshots	retain_actual_bytes	Retain run-specific artifacts, saves, replays, frames, transport captures, screenshots and outcomes.											actual_bytes_required
/home/morgana/.codex/worktrees/assembled-allied-ai/orcs-vs-Fairies/work/ai-save401-final-453c221-r1	453c2218af9973b9eca8fb78392435bd9d46a740	allied-ui/spectator-transport.json	15846961	74e2ba4d1bd5472eb3043585502d19d5df597527e6c3271bc2e270e734754ac7	bf8ed2449d14c0f3bcf00d32af4ca831885c08212be96fecc96ebd8d581ee681	native_runs_saves_replays_screenshots	retain_actual_bytes	Retain run-specific artifacts, saves, replays, frames, transport captures, screenshots and outcomes.											actual_bytes_required
/home/morgana/.codex/worktrees/assembled-allied-ai/orcs-vs-Fairies/work/ai-save401-final-453c221-r1	453c2218af9973b9eca8fb78392435bd9d46a740	audits/allied-ui-envelope.json	867	285e00a828060775c0d5b2af601f3d49e7bff83623dbc80174f024272f03dd52	bf8ed2449d14c0f3bcf00d32af4ca831885c08212be96fecc96ebd8d581ee681	observer_reviewer_audits_corrections	retain_actual_bytes	Retain observer and reviewer records, original failed-run diagnoses and later corrections.											actual_bytes_required
/home/morgana/.codex/worktrees/assembled-allied-ai/orcs-vs-Fairies/work/ai-save401-final-453c221-r1	453c2218af9973b9eca8fb78392435bd9d46a740	audits/build-server-envelope.json	799	cb008eeee524b960ae05804e80d8e9170b285256a889b2a2fdd3a846c4a37762	bf8ed2449d14c0f3bcf00d32af4ca831885c08212be96fecc96ebd8d581ee681	observer_reviewer_audits_corrections	retain_actual_bytes	Retain observer and reviewer records, original failed-run diagnoses and later corrections.											actual_bytes_required
/home/morgana/.codex/worktrees/assembled-allied-ai/orcs-vs-Fairies/work/ai-save401-final-453c221-r1	453c2218af9973b9eca8fb78392435bd9d46a740	audits/build-web-envelope.json	822	e3b28152f7de0e8f395d6bf08eb3a8a141d663f6763c46f0fb937a20f86dbc1c	bf8ed2449d14c0f3bcf00d32af4ca831885c08212be96fecc96ebd8d581ee681	observer_reviewer_audits_corrections	retain_actual_bytes	Retain observer and reviewer records, original failed-run diagnoses and later corrections.											actual_bytes_required
/home/morgana/.codex/worktrees/assembled-allied-ai/orcs-vs-Fairies/work/ai-save401-final-453c221-r1	453c2218af9973b9eca8fb78392435bd9d46a740	audits/coop-failure-diagnosis-correction.json	768	6b23e728fa8388689edd379ab98ba1d28e07d5cc93199928ce11855cda30e564	bf8ed2449d14c0f3bcf00d32af4ca831885c08212be96fecc96ebd8d581ee681	observer_reviewer_audits_corrections	retain_actual_bytes	Retain observer and reviewer records, original failed-run diagnoses and later corrections.											actual_bytes_required
/home/morgana/.codex/worktrees/assembled-allied-ai/orcs-vs-Fairies/work/ai-save401-final-453c221-r1	453c2218af9973b9eca8fb78392435bd9d46a740	audits/coop-failure-diagnosis.json	3970	15b0773958735b93f835936679cd00d16ef4ccc2b93c50e6189ae8996eee92d1	bf8ed2449d14c0f3bcf00d32af4ca831885c08212be96fecc96ebd8d581ee681	observer_reviewer_audits_corrections	retain_actual_bytes	Retain observer and reviewer records, original failed-run diagnoses and later corrections.											actual_bytes_required
/home/morgana/.codex/worktrees/assembled-allied-ai/orcs-vs-Fairies/work/ai-save401-final-453c221-r1	453c2218af9973b9eca8fb78392435bd9d46a740	audits/coop-lobby-attribution.json	4400	5c61729d3e0e2deede72ee96ed1cb95d72c3a086c022398ed19f288368fe9eb4	bf8ed2449d14c0f3bcf00d32af4ca831885c08212be96fecc96ebd8d581ee681	observer_reviewer_audits_corrections	retain_actual_bytes	Retain observer and reviewer records, original failed-run diagnoses and later corrections.											actual_bytes_required
/home/morgana/.codex/worktrees/assembled-allied-ai/orcs-vs-Fairies/work/ai-save401-final-453c221-r1	453c2218af9973b9eca8fb78392435bd9d46a740	audits/coop-ui-envelope.json	811	260594e03caa51f8f35cf52e0edc3a4cccfa0fb9d697531dabeb95794a71f859	bf8ed2449d14c0f3bcf00d32af4ca831885c08212be96fecc96ebd8d581ee681	observer_reviewer_audits_corrections	retain_actual_bytes	Retain observer and reviewer records, original failed-run diagnoses and later corrections.											actual_bytes_required
/home/morgana/.codex/worktrees/assembled-allied-ai/orcs-vs-Fairies/work/ai-save401-final-453c221-r1	453c2218af9973b9eca8fb78392435bd9d46a740	audits/independent-final-review.md	4888	3da44c58702031553dad3cafd472a3684f3ef76bc6c4d657d6fd7e5ec2a10936	bf8ed2449d14c0f3bcf00d32af4ca831885c08212be96fecc96ebd8d581ee681	observer_reviewer_audits_corrections	retain_actual_bytes	Retain observer and reviewer records, original failed-run diagnoses and later corrections.											actual_bytes_required
/home/morgana/.codex/worktrees/assembled-allied-ai/orcs-vs-Fairies/work/ai-save401-final-453c221-r1	453c2218af9973b9eca8fb78392435bd9d46a740	audits/natural-allied.json	1097	07877c23e300957510ab4973a1aa3d7a12a382bba73c483b51c710c38da1da56	bf8ed2449d14c0f3bcf00d32af4ca831885c08212be96fecc96ebd8d581ee681	observer_reviewer_audits_corrections	retain_actual_bytes	Retain observer and reviewer records, original failed-run diagnoses and later corrections.											actual_bytes_required
/home/morgana/.codex/worktrees/assembled-allied-ai/orcs-vs-Fairies/work/ai-save401-final-453c221-r1	453c2218af9973b9eca8fb78392435bd9d46a740	audits/roster-ui-envelope.json	888	dbff68675392e517ccafbcf9537b7e7c5aadc7dcac7e952ce23ea3d8ec46f3ac	bf8ed2449d14c0f3bcf00d32af4ca831885c08212be96fecc96ebd8d581ee681	observer_reviewer_audits_corrections	retain_actual_bytes	Retain observer and reviewer records, original failed-run diagnoses and later corrections.											actual_bytes_required
/home/morgana/.codex/worktrees/assembled-allied-ai/orcs-vs-Fairies/work/ai-save401-final-453c221-r1	453c2218af9973b9eca8fb78392435bd9d46a740	browser-runtime/allied-ui/actual-launch-trace.json	2715	5c6faf419e04a3a8d8cafdb64ff16dffdbedcbce0ebad96b5ce5316d80f8f075	bf8ed2449d14c0f3bcf00d32af4ca831885c08212be96fecc96ebd8d581ee681	execution_provenance_and_generated_outputs	retain_actual_bytes	Retain runtime, process, launcher and generated executable provenance bytes.											actual_bytes_required
/home/morgana/.codex/worktrees/assembled-allied-ai/orcs-vs-Fairies/work/ai-save401-final-453c221-r1	453c2218af9973b9eca8fb78392435bd9d46a740	browser-runtime/allied-ui/after.json	35016	4467a65fc79c27bf988e0cf5142f6295ac3b9fa5ea25552d81fbf7ec56d577e9	bf8ed2449d14c0f3bcf00d32af4ca831885c08212be96fecc96ebd8d581ee681	execution_provenance_and_generated_outputs	retain_actual_bytes	Retain runtime, process, launcher and generated executable provenance bytes.											actual_bytes_required
/home/morgana/.codex/worktrees/assembled-allied-ai/orcs-vs-Fairies/work/ai-save401-final-453c221-r1	453c2218af9973b9eca8fb78392435bd9d46a740	browser-runtime/allied-ui/before.json	35016	4467a65fc79c27bf988e0cf5142f6295ac3b9fa5ea25552d81fbf7ec56d577e9	bf8ed2449d14c0f3bcf00d32af4ca831885c08212be96fecc96ebd8d581ee681	execution_provenance_and_generated_outputs	retain_actual_bytes	Retain runtime, process, launcher and generated executable provenance bytes.											actual_bytes_required
/home/morgana/.codex/worktrees/assembled-allied-ai/orcs-vs-Fairies/work/ai-save401-final-453c221-r1	453c2218af9973b9eca8fb78392435bd9d46a740	browser-runtime/allied-ui/browser-provenance.mjs	3324	44a7d88b5f5662b68b1e8691d32312e6457ac5df6a26db479c818f0649df9237	bf8ed2449d14c0f3bcf00d32af4ca831885c08212be96fecc96ebd8d581ee681	execution_provenance_and_generated_outputs	retain_actual_bytes	Retain runtime, process, launcher and generated executable provenance bytes.											actual_bytes_required
/home/morgana/.codex/worktrees/assembled-allied-ai/orcs-vs-Fairies/work/ai-save401-final-453c221-r1	453c2218af9973b9eca8fb78392435bd9d46a740	browser-runtime/allied-ui/process-observer-failure.json	975	76a1104fedf0be18203f9addc8bead1c7e5258ddc89ed9dabdda5cae1b473229	bf8ed2449d14c0f3bcf00d32af4ca831885c08212be96fecc96ebd8d581ee681	execution_provenance_and_generated_outputs	retain_actual_bytes	Retain runtime, process, launcher and generated executable provenance bytes.											actual_bytes_required
/home/morgana/.codex/worktrees/assembled-allied-ai/orcs-vs-Fairies/work/ai-save401-final-453c221-r1	453c2218af9973b9eca8fb78392435bd9d46a740	browser-runtime/coop-ui/actual-launch-trace.json	2711	bd573610300dd9ac76bfba0615a570340c37636ba27306aef505059334a7afea	bf8ed2449d14c0f3bcf00d32af4ca831885c08212be96fecc96ebd8d581ee681	execution_provenance_and_generated_outputs	retain_actual_bytes	Retain runtime, process, launcher and generated executable provenance bytes.											actual_bytes_required
/home/morgana/.codex/worktrees/assembled-allied-ai/orcs-vs-Fairies/work/ai-save401-final-453c221-r1	453c2218af9973b9eca8fb78392435bd9d46a740	browser-runtime/coop-ui/actual-process-r3.json	17114	57719191fc4c24066bd933e05db232e98c93f110b0a5510e16f35d38c4d8b15b	bf8ed2449d14c0f3bcf00d32af4ca831885c08212be96fecc96ebd8d581ee681	execution_provenance_and_generated_outputs	retain_actual_bytes	Retain runtime, process, launcher and generated executable provenance bytes.											actual_bytes_required
/home/morgana/.codex/worktrees/assembled-allied-ai/orcs-vs-Fairies/work/ai-save401-final-453c221-r1	453c2218af9973b9eca8fb78392435bd9d46a740	browser-runtime/coop-ui/after.json	35016	4467a65fc79c27bf988e0cf5142f6295ac3b9fa5ea25552d81fbf7ec56d577e9	bf8ed2449d14c0f3bcf00d32af4ca831885c08212be96fecc96ebd8d581ee681	execution_provenance_and_generated_outputs	retain_actual_bytes	Retain runtime, process, launcher and generated executable provenance bytes.											actual_bytes_required
/home/morgana/.codex/worktrees/assembled-allied-ai/orcs-vs-Fairies/work/ai-save401-final-453c221-r1	453c2218af9973b9eca8fb78392435bd9d46a740	browser-runtime/coop-ui/before.json	35016	4467a65fc79c27bf988e0cf5142f6295ac3b9fa5ea25552d81fbf7ec56d577e9	bf8ed2449d14c0f3bcf00d32af4ca831885c08212be96fecc96ebd8d581ee681	execution_provenance_and_generated_outputs	retain_actual_bytes	Retain runtime, process, launcher and generated executable provenance bytes.											actual_bytes_required
/home/morgana/.codex/worktrees/assembled-allied-ai/orcs-vs-Fairies/work/ai-save401-final-453c221-r1	453c2218af9973b9eca8fb78392435bd9d46a740	browser-runtime/coop-ui/browser-provenance.mjs	3324	44a7d88b5f5662b68b1e8691d32312e6457ac5df6a26db479c818f0649df9237	bf8ed2449d14c0f3bcf00d32af4ca831885c08212be96fecc96ebd8d581ee681	execution_provenance_and_generated_outputs	retain_actual_bytes	Retain runtime, process, launcher and generated executable provenance bytes.											actual_bytes_required
/home/morgana/.codex/worktrees/assembled-allied-ai/orcs-vs-Fairies/work/ai-save401-final-453c221-r1	453c2218af9973b9eca8fb78392435bd9d46a740	browser-runtime/roster-ui/actual-launch-trace.json	2715	217274eab147aefac4f3a7ff68df86d9442f73bdcfe2ac5116d44a65649cd8ab	bf8ed2449d14c0f3bcf00d32af4ca831885c08212be96fecc96ebd8d581ee681	execution_provenance_and_generated_outputs	retain_actual_bytes	Retain runtime, process, launcher and generated executable provenance bytes.											actual_bytes_required
/home/morgana/.codex/worktrees/assembled-allied-ai/orcs-vs-Fairies/work/ai-save401-final-453c221-r1	453c2218af9973b9eca8fb78392435bd9d46a740	browser-runtime/roster-ui/actual-process-r2.json	22030	e8edf857d15ec4c7bf2cc427e389769deece45320e46972d5f64816f0ce476d3	bf8ed2449d14c0f3bcf00d32af4ca831885c08212be96fecc96ebd8d581ee681	execution_provenance_and_generated_outputs	retain_actual_bytes	Retain runtime, process, launcher and generated executable provenance bytes.											actual_bytes_required
/home/morgana/.codex/worktrees/assembled-allied-ai/orcs-vs-Fairies/work/ai-save401-final-453c221-r1	453c2218af9973b9eca8fb78392435bd9d46a740	browser-runtime/roster-ui/actual-process-r3.json	22029	0048f3a945d91eafb454f91d8ced5f676faa35fdfb8b84ba4cd432d1efe2bfac	bf8ed2449d14c0f3bcf00d32af4ca831885c08212be96fecc96ebd8d581ee681	execution_provenance_and_generated_outputs	retain_actual_bytes	Retain runtime, process, launcher and generated executable provenance bytes.											actual_bytes_required
/home/morgana/.codex/worktrees/assembled-allied-ai/orcs-vs-Fairies/work/ai-save401-final-453c221-r1	453c2218af9973b9eca8fb78392435bd9d46a740	browser-runtime/roster-ui/after.json	35016	4467a65fc79c27bf988e0cf5142f6295ac3b9fa5ea25552d81fbf7ec56d577e9	bf8ed2449d14c0f3bcf00d32af4ca831885c08212be96fecc96ebd8d581ee681	execution_provenance_and_generated_outputs	retain_actual_bytes	Retain runtime, process, launcher and generated executable provenance bytes.											actual_bytes_required
/home/morgana/.codex/worktrees/assembled-allied-ai/orcs-vs-Fairies/work/ai-save401-final-453c221-r1	453c2218af9973b9eca8fb78392435bd9d46a740	browser-runtime/roster-ui/before.json	35016	4467a65fc79c27bf988e0cf5142f6295ac3b9fa5ea25552d81fbf7ec56d577e9	bf8ed2449d14c0f3bcf00d32af4ca831885c08212be96fecc96ebd8d581ee681	execution_provenance_and_generated_outputs	retain_actual_bytes	Retain runtime, process, launcher and generated executable provenance bytes.											actual_bytes_required
/home/morgana/.codex/worktrees/assembled-allied-ai/orcs-vs-Fairies/work/ai-save401-final-453c221-r1	453c2218af9973b9eca8fb78392435bd9d46a740	browser-runtime/roster-ui/browser-provenance.mjs	3324	44a7d88b5f5662b68b1e8691d32312e6457ac5df6a26db479c818f0649df9237	bf8ed2449d14c0f3bcf00d32af4ca831885c08212be96fecc96ebd8d581ee681	execution_provenance_and_generated_outputs	retain_actual_bytes	Retain runtime, process, launcher and generated executable provenance bytes.											actual_bytes_required
/home/morgana/.codex/worktrees/assembled-allied-ai/orcs-vs-Fairies/work/ai-save401-final-453c221-r1	453c2218af9973b9eca8fb78392435bd9d46a740	cleanup/after.json	654	fd419556a3bc219727ed3ad0626a88af136ac410ab507b41a8e67cdbafb0ed44	bf8ed2449d14c0f3bcf00d32af4ca831885c08212be96fecc96ebd8d581ee681	preparation_cleanup_and_history	retain_actual_bytes	Retain preparation scripts, prior-history inventories and cleanup records.											actual_bytes_required
/home/morgana/.codex/worktrees/assembled-allied-ai/orcs-vs-Fairies/work/ai-save401-final-453c221-r1	453c2218af9973b9eca8fb78392435bd9d46a740	cleanup/before.json	995	2922cb5b4e0c364c367ee0d691f291252d9edfffe9046d4697ad9c994e2d040f	bf8ed2449d14c0f3bcf00d32af4ca831885c08212be96fecc96ebd8d581ee681	preparation_cleanup_and_history	retain_actual_bytes	Retain preparation scripts, prior-history inventories and cleanup records.											actual_bytes_required
/home/morgana/.codex/worktrees/assembled-allied-ai/orcs-vs-Fairies/work/ai-save401-final-453c221-r1	453c2218af9973b9eca8fb78392435bd9d46a740	coop-ui/human-one-failure.png	240555	2b896a8265e5772e3616d410bd2e12f27c9ec4ca6ec846e12df93f721436a4e7	bf8ed2449d14c0f3bcf00d32af4ca831885c08212be96fecc96ebd8d581ee681	native_runs_saves_replays_screenshots	retain_actual_bytes	Retain run-specific artifacts, saves, replays, frames, transport captures, screenshots and outcomes.											actual_bytes_required
/home/morgana/.codex/worktrees/assembled-allied-ai/orcs-vs-Fairies/work/ai-save401-final-453c221-r1	453c2218af9973b9eca8fb78392435bd9d46a740	coop-ui/human-two-failure.png	200524	91d2f2c9564c7d78664772119056dc4720ecbe1314e6e2e1a73b07598e4893e2	bf8ed2449d14c0f3bcf00d32af4ca831885c08212be96fecc96ebd8d581ee681	native_runs_saves_replays_screenshots	retain_actual_bytes	Retain run-specific artifacts, saves, replays, frames, transport captures, screenshots and outcomes.											actual_bytes_required
/home/morgana/.codex/worktrees/assembled-allied-ai/orcs-vs-Fairies/work/ai-save401-final-453c221-r1	453c2218af9973b9eca8fb78392435bd9d46a740	coop-ui/results.json	1402	a58fd91323986ffc7d332c4eb4e7d75bec7b941cb2f47a0935e5005b9bfa5e72	bf8ed2449d14c0f3bcf00d32af4ca831885c08212be96fecc96ebd8d581ee681	native_runs_saves_replays_screenshots	retain_actual_bytes	Retain run-specific artifacts, saves, replays, frames, transport captures, screenshots and outcomes.											actual_bytes_required
/home/morgana/.codex/worktrees/assembled-allied-ai/orcs-vs-Fairies/work/ai-save401-final-453c221-r1	453c2218af9973b9eca8fb78392435bd9d46a740	decisions.tsv	7646	da367413376866ed4f33f414fc345af01cf4a6c1bd1f82f405833caea09e2a7c	bf8ed2449d14c0f3bcf00d32af4ca831885c08212be96fecc96ebd8d581ee681	status_and_decisions	retain_actual_bytes	Retain final status and decision evidence.											actual_bytes_required
/home/morgana/.codex/worktrees/assembled-allied-ai/orcs-vs-Fairies/work/ai-save401-final-453c221-r1	453c2218af9973b9eca8fb78392435bd9d46a740	dist/assets/main-BxMb13AF.js	2454689	2066a3347ad2ff3ffb6a1bcc39255f8c54bd91771a243e2c662645a155925902	bf8ed2449d14c0f3bcf00d32af4ca831885c08212be96fecc96ebd8d581ee681	generated_web_build	retain_actual_bytes	Retain generated output bytes; a new build is not proof of byte equality.											actual_bytes_required
/home/morgana/.codex/worktrees/assembled-allied-ai/orcs-vs-Fairies/work/ai-save401-final-453c221-r1	453c2218af9973b9eca8fb78392435bd9d46a740	dist/assets/main-CxCO6VnC.css	77477	101588d2cea582bbfbf023001329935a58a5a213e23d3201d1f4a9af25f50781	bf8ed2449d14c0f3bcf00d32af4ca831885c08212be96fecc96ebd8d581ee681	generated_web_build	retain_actual_bytes	Retain generated output bytes; a new build is not proof of byte equality.											actual_bytes_required
/home/morgana/.codex/worktrees/assembled-allied-ai/orcs-vs-Fairies/work/ai-save401-final-453c221-r1	453c2218af9973b9eca8fb78392435bd9d46a740	dist/editor.html	454	a7bbacac06e0bcefd1943c8dad3c77094ea8db0ff76b82d7ba9779cdde3536e7	bf8ed2449d14c0f3bcf00d32af4ca831885c08212be96fecc96ebd8d581ee681	generated_web_build	retain_actual_bytes	Retain generated output bytes; a new build is not proof of byte equality.											actual_bytes_required
/home/morgana/.codex/worktrees/assembled-allied-ai/orcs-vs-Fairies/work/ai-save401-final-453c221-r1	453c2218af9973b9eca8fb78392435bd9d46a740	dist/index.html	500	353c0f8eeb0eb9e7707b470a151c2852148179ee4604fe49dc65f25d07e56a39	bf8ed2449d14c0f3bcf00d32af4ca831885c08212be96fecc96ebd8d581ee681	generated_web_build	retain_actual_bytes	Retain generated output bytes; a new build is not proof of byte equality.											actual_bytes_required
/home/morgana/.codex/worktrees/assembled-allied-ai/orcs-vs-Fairies/work/ai-save401-final-453c221-r1	453c2218af9973b9eca8fb78392435bd9d46a740	envelopes/allied-ui/artifacts.json	3376	5260453cfe7f322489c870bd35d02605136de5ebe8fe2dbc9587c7f40b7297e0	bf8ed2449d14c0f3bcf00d32af4ca831885c08212be96fecc96ebd8d581ee681	sealed_run_envelopes_inventories	retain_actual_bytes	Retain envelope bytes, source/build/package inventory records, logs, wrappers and run results, including repeated records.											actual_bytes_required
/home/morgana/.codex/worktrees/assembled-allied-ai/orcs-vs-Fairies/work/ai-save401-final-453c221-r1	453c2218af9973b9eca8fb78392435bd9d46a740	envelopes/allied-ui/build-after.json	154961	98cc6de5759dbe2aee3df596f39f38fc7400f22bdabad3d3ba1bdde907e6ce6d	bf8ed2449d14c0f3bcf00d32af4ca831885c08212be96fecc96ebd8d581ee681	sealed_run_envelopes_inventories	retain_actual_bytes	Retain envelope bytes, source/build/package inventory records, logs, wrappers and run results, including repeated records.											actual_bytes_required
/home/morgana/.codex/worktrees/assembled-allied-ai/orcs-vs-Fairies/work/ai-save401-final-453c221-r1	453c2218af9973b9eca8fb78392435bd9d46a740	envelopes/allied-ui/build-before.json	154961	98cc6de5759dbe2aee3df596f39f38fc7400f22bdabad3d3ba1bdde907e6ce6d	bf8ed2449d14c0f3bcf00d32af4ca831885c08212be96fecc96ebd8d581ee681	sealed_run_envelopes_inventories	retain_actual_bytes	Retain envelope bytes, source/build/package inventory records, logs, wrappers and run results, including repeated records.											actual_bytes_required
/home/morgana/.codex/worktrees/assembled-allied-ai/orcs-vs-Fairies/work/ai-save401-final-453c221-r1	453c2218af9973b9eca8fb78392435bd9d46a740	envelopes/allied-ui/manifest.json	1412	f6e52eeacd2596c1aead0c7c6ae54fe730b9e305b3dcfa0463d2832808be6354	bf8ed2449d14c0f3bcf00d32af4ca831885c08212be96fecc96ebd8d581ee681	sealed_run_envelopes_inventories	retain_actual_bytes	Retain envelope bytes, source/build/package inventory records, logs, wrappers and run results, including repeated records.											actual_bytes_required
/home/morgana/.codex/worktrees/assembled-allied-ai/orcs-vs-Fairies/work/ai-save401-final-453c221-r1	453c2218af9973b9eca8fb78392435bd9d46a740	envelopes/allied-ui/proof-envelope.mjs	10509	bb8c80fc33ca6a25e044a5df60350030bb2177461d265025b9bfcffcdc3a1cd2	bf8ed2449d14c0f3bcf00d32af4ca831885c08212be96fecc96ebd8d581ee681	sealed_run_envelopes_inventories	retain_actual_bytes	Retain envelope bytes, source/build/package inventory records, logs, wrappers and run results, including repeated records.											actual_bytes_required
/home/morgana/.codex/worktrees/assembled-allied-ai/orcs-vs-Fairies/work/ai-save401-final-453c221-r1	453c2218af9973b9eca8fb78392435bd9d46a740	envelopes/allied-ui/run.json	2788	757bc1d1e0615867e00dc8e7b051438668bd887ef046bf63b651b4a166ac734a	bf8ed2449d14c0f3bcf00d32af4ca831885c08212be96fecc96ebd8d581ee681	sealed_run_envelopes_inventories	retain_actual_bytes	Retain envelope bytes, source/build/package inventory records, logs, wrappers and run results, including repeated records.											actual_bytes_required
/home/morgana/.codex/worktrees/assembled-allied-ai/orcs-vs-Fairies/work/ai-save401-final-453c221-r1	453c2218af9973b9eca8fb78392435bd9d46a740	envelopes/allied-ui/source-after.json	128449	eb414c0a5c82b49110c36e83c8fad83e16c35ff886560d1116511a334b52c910	bf8ed2449d14c0f3bcf00d32af4ca831885c08212be96fecc96ebd8d581ee681	sealed_run_envelopes_inventories	retain_actual_bytes	Retain envelope bytes, source/build/package inventory records, logs, wrappers and run results, including repeated records.											actual_bytes_required
/home/morgana/.codex/worktrees/assembled-allied-ai/orcs-vs-Fairies/work/ai-save401-final-453c221-r1	453c2218af9973b9eca8fb78392435bd9d46a740	envelopes/allied-ui/source-before.json	128449	eb414c0a5c82b49110c36e83c8fad83e16c35ff886560d1116511a334b52c910	bf8ed2449d14c0f3bcf00d32af4ca831885c08212be96fecc96ebd8d581ee681	sealed_run_envelopes_inventories	retain_actual_bytes	Retain envelope bytes, source/build/package inventory records, logs, wrappers and run results, including repeated records.											actual_bytes_required
/home/morgana/.codex/worktrees/assembled-allied-ai/orcs-vs-Fairies/work/ai-save401-final-453c221-r1	453c2218af9973b9eca8fb78392435bd9d46a740	envelopes/allied-ui/stderr.log	4106	5ff6ad771f16c8d40fb2bc439064b9e8d02b1a0acafe1a25c8e9a8e052d4c6d6	bf8ed2449d14c0f3bcf00d32af4ca831885c08212be96fecc96ebd8d581ee681	sealed_run_envelopes_inventories	retain_actual_bytes	Retain envelope bytes, source/build/package inventory records, logs, wrappers and run results, including repeated records.											actual_bytes_required
/home/morgana/.codex/worktrees/assembled-allied-ai/orcs-vs-Fairies/work/ai-save401-final-453c221-r1	453c2218af9973b9eca8fb78392435bd9d46a740	envelopes/allied-ui/stdout.log	5278	91578a4cd51cc4ee3995c61a26e558e2bbb7a2d7c042abd330f078ad8fe4d952	bf8ed2449d14c0f3bcf00d32af4ca831885c08212be96fecc96ebd8d581ee681	sealed_run_envelopes_inventories	retain_actual_bytes	Retain envelope bytes, source/build/package inventory records, logs, wrappers and run results, including repeated records.											actual_bytes_required
/home/morgana/.codex/worktrees/assembled-allied-ai/orcs-vs-Fairies/work/ai-save401-final-453c221-r1	453c2218af9973b9eca8fb78392435bd9d46a740	envelopes/build-server/artifacts.json	475	8ec5771b98686eb4e9fe731813af9cf2a7ce3c51acdff612955121298dfd5498	bf8ed2449d14c0f3bcf00d32af4ca831885c08212be96fecc96ebd8d581ee681	sealed_run_envelopes_inventories	retain_actual_bytes	Retain envelope bytes, source/build/package inventory records, logs, wrappers and run results, including repeated records.											actual_bytes_required
/home/morgana/.codex/worktrees/assembled-allied-ai/orcs-vs-Fairies/work/ai-save401-final-453c221-r1	453c2218af9973b9eca8fb78392435bd9d46a740	envelopes/build-server/build-after.json	183	ac2d5f78c229f183e0dc5f094023a0219a37bccb167e9aca089c945099219d75	bf8ed2449d14c0f3bcf00d32af4ca831885c08212be96fecc96ebd8d581ee681	sealed_run_envelopes_inventories	retain_actual_bytes	Retain envelope bytes, source/build/package inventory records, logs, wrappers and run results, including repeated records.											actual_bytes_required
/home/morgana/.codex/worktrees/assembled-allied-ai/orcs-vs-Fairies/work/ai-save401-final-453c221-r1	453c2218af9973b9eca8fb78392435bd9d46a740	envelopes/build-server/build-before.json	183	ac2d5f78c229f183e0dc5f094023a0219a37bccb167e9aca089c945099219d75	bf8ed2449d14c0f3bcf00d32af4ca831885c08212be96fecc96ebd8d581ee681	sealed_run_envelopes_inventories	retain_actual_bytes	Retain envelope bytes, source/build/package inventory records, logs, wrappers and run results, including repeated records.											actual_bytes_required
/home/morgana/.codex/worktrees/assembled-allied-ai/orcs-vs-Fairies/work/ai-save401-final-453c221-r1	453c2218af9973b9eca8fb78392435bd9d46a740	envelopes/build-server/manifest.json	1399	37105b1380f5ee6b740f97b699958d393fb36a2f224a3142cd23abe05e1283f3	bf8ed2449d14c0f3bcf00d32af4ca831885c08212be96fecc96ebd8d581ee681	sealed_run_envelopes_inventories	retain_actual_bytes	Retain envelope bytes, source/build/package inventory records, logs, wrappers and run results, including repeated records.											actual_bytes_required
/home/morgana/.codex/worktrees/assembled-allied-ai/orcs-vs-Fairies/work/ai-save401-final-453c221-r1	453c2218af9973b9eca8fb78392435bd9d46a740	envelopes/build-server/proof-envelope.mjs	10509	bb8c80fc33ca6a25e044a5df60350030bb2177461d265025b9bfcffcdc3a1cd2	bf8ed2449d14c0f3bcf00d32af4ca831885c08212be96fecc96ebd8d581ee681	sealed_run_envelopes_inventories	retain_actual_bytes	Retain envelope bytes, source/build/package inventory records, logs, wrappers and run results, including repeated records.											actual_bytes_required
/home/morgana/.codex/worktrees/assembled-allied-ai/orcs-vs-Fairies/work/ai-save401-final-453c221-r1	453c2218af9973b9eca8fb78392435bd9d46a740	envelopes/build-server/run.json	1083	7ff175fca45d3f315c9d3ac1ad85559464722658e88dcd3c1f3f311c7751550b	bf8ed2449d14c0f3bcf00d32af4ca831885c08212be96fecc96ebd8d581ee681	sealed_run_envelopes_inventories	retain_actual_bytes	Retain envelope bytes, source/build/package inventory records, logs, wrappers and run results, including repeated records.											actual_bytes_required
/home/morgana/.codex/worktrees/assembled-allied-ai/orcs-vs-Fairies/work/ai-save401-final-453c221-r1	453c2218af9973b9eca8fb78392435bd9d46a740	envelopes/build-server/source-after.json	128449	eb414c0a5c82b49110c36e83c8fad83e16c35ff886560d1116511a334b52c910	bf8ed2449d14c0f3bcf00d32af4ca831885c08212be96fecc96ebd8d581ee681	sealed_run_envelopes_inventories	retain_actual_bytes	Retain envelope bytes, source/build/package inventory records, logs, wrappers and run results, including repeated records.											actual_bytes_required
/home/morgana/.codex/worktrees/assembled-allied-ai/orcs-vs-Fairies/work/ai-save401-final-453c221-r1	453c2218af9973b9eca8fb78392435bd9d46a740	envelopes/build-server/source-before.json	128449	eb414c0a5c82b49110c36e83c8fad83e16c35ff886560d1116511a334b52c910	bf8ed2449d14c0f3bcf00d32af4ca831885c08212be96fecc96ebd8d581ee681	sealed_run_envelopes_inventories	retain_actual_bytes	Retain envelope bytes, source/build/package inventory records, logs, wrappers and run results, including repeated records.											actual_bytes_required
/home/morgana/.codex/worktrees/assembled-allied-ai/orcs-vs-Fairies/work/ai-save401-final-453c221-r1	453c2218af9973b9eca8fb78392435bd9d46a740	envelopes/build-server/stderr.log	0	e3b0c44298fc1c149afbf4c8996fb92427ae41e4649b934ca495991b7852b855	bf8ed2449d14c0f3bcf00d32af4ca831885c08212be96fecc96ebd8d581ee681	sealed_run_envelopes_inventories	retain_actual_bytes	Retain envelope bytes, source/build/package inventory records, logs, wrappers and run results, including repeated records.											actual_bytes_required
/home/morgana/.codex/worktrees/assembled-allied-ai/orcs-vs-Fairies/work/ai-save401-final-453c221-r1	453c2218af9973b9eca8fb78392435bd9d46a740	envelopes/build-server/stdout.log	0	e3b0c44298fc1c149afbf4c8996fb92427ae41e4649b934ca495991b7852b855	bf8ed2449d14c0f3bcf00d32af4ca831885c08212be96fecc96ebd8d581ee681	sealed_run_envelopes_inventories	retain_actual_bytes	Retain envelope bytes, source/build/package inventory records, logs, wrappers and run results, including repeated records.											actual_bytes_required
/home/morgana/.codex/worktrees/assembled-allied-ai/orcs-vs-Fairies/work/ai-save401-final-453c221-r1	453c2218af9973b9eca8fb78392435bd9d46a740	envelopes/build-web/artifacts.json	59354	b6cbfeb1f23311b341ce2e27b7dc294e01fba79cff1fc3027fc0caeedd02b817	bf8ed2449d14c0f3bcf00d32af4ca831885c08212be96fecc96ebd8d581ee681	sealed_run_envelopes_inventories	retain_actual_bytes	Retain envelope bytes, source/build/package inventory records, logs, wrappers and run results, including repeated records.											actual_bytes_required
/home/morgana/.codex/worktrees/assembled-allied-ai/orcs-vs-Fairies/work/ai-save401-final-453c221-r1	453c2218af9973b9eca8fb78392435bd9d46a740	envelopes/build-web/build-after.json	183	ac2d5f78c229f183e0dc5f094023a0219a37bccb167e9aca089c945099219d75	bf8ed2449d14c0f3bcf00d32af4ca831885c08212be96fecc96ebd8d581ee681	sealed_run_envelopes_inventories	retain_actual_bytes	Retain envelope bytes, source/build/package inventory records, logs, wrappers and run results, including repeated records.											actual_bytes_required
/home/morgana/.codex/worktrees/assembled-allied-ai/orcs-vs-Fairies/work/ai-save401-final-453c221-r1	453c2218af9973b9eca8fb78392435bd9d46a740	envelopes/build-web/build-before.json	183	ac2d5f78c229f183e0dc5f094023a0219a37bccb167e9aca089c945099219d75	bf8ed2449d14c0f3bcf00d32af4ca831885c08212be96fecc96ebd8d581ee681	sealed_run_envelopes_inventories	retain_actual_bytes	Retain envelope bytes, source/build/package inventory records, logs, wrappers and run results, including repeated records.											actual_bytes_required
/home/morgana/.codex/worktrees/assembled-allied-ai/orcs-vs-Fairies/work/ai-save401-final-453c221-r1	453c2218af9973b9eca8fb78392435bd9d46a740	envelopes/build-web/manifest.json	1405	5c22b5a89d856e1b9920b76e4206776fcbf93b39b29350f8cb8dac3cc093c94d	bf8ed2449d14c0f3bcf00d32af4ca831885c08212be96fecc96ebd8d581ee681	sealed_run_envelopes_inventories	retain_actual_bytes	Retain envelope bytes, source/build/package inventory records, logs, wrappers and run results, including repeated records.											actual_bytes_required
/home/morgana/.codex/worktrees/assembled-allied-ai/orcs-vs-Fairies/work/ai-save401-final-453c221-r1	453c2218af9973b9eca8fb78392435bd9d46a740	envelopes/build-web/proof-envelope.mjs	10509	bb8c80fc33ca6a25e044a5df60350030bb2177461d265025b9bfcffcdc3a1cd2	bf8ed2449d14c0f3bcf00d32af4ca831885c08212be96fecc96ebd8d581ee681	sealed_run_envelopes_inventories	retain_actual_bytes	Retain envelope bytes, source/build/package inventory records, logs, wrappers and run results, including repeated records.											actual_bytes_required
/home/morgana/.codex/worktrees/assembled-allied-ai/orcs-vs-Fairies/work/ai-save401-final-453c221-r1	453c2218af9973b9eca8fb78392435bd9d46a740	envelopes/build-web/run.json	1107	563fd47c4afac83c3bc1b05146349ceb21deceeb64831447dd433cd5e1876d76	bf8ed2449d14c0f3bcf00d32af4ca831885c08212be96fecc96ebd8d581ee681	sealed_run_envelopes_inventories	retain_actual_bytes	Retain envelope bytes, source/build/package inventory records, logs, wrappers and run results, including repeated records.											actual_bytes_required
/home/morgana/.codex/worktrees/assembled-allied-ai/orcs-vs-Fairies/work/ai-save401-final-453c221-r1	453c2218af9973b9eca8fb78392435bd9d46a740	envelopes/build-web/source-after.json	128449	eb414c0a5c82b49110c36e83c8fad83e16c35ff886560d1116511a334b52c910	bf8ed2449d14c0f3bcf00d32af4ca831885c08212be96fecc96ebd8d581ee681	sealed_run_envelopes_inventories	retain_actual_bytes	Retain envelope bytes, source/build/package inventory records, logs, wrappers and run results, including repeated records.											actual_bytes_required
/home/morgana/.codex/worktrees/assembled-allied-ai/orcs-vs-Fairies/work/ai-save401-final-453c221-r1	453c2218af9973b9eca8fb78392435bd9d46a740	envelopes/build-web/source-before.json	128449	eb414c0a5c82b49110c36e83c8fad83e16c35ff886560d1116511a334b52c910	bf8ed2449d14c0f3bcf00d32af4ca831885c08212be96fecc96ebd8d581ee681	sealed_run_envelopes_inventories	retain_actual_bytes	Retain envelope bytes, source/build/package inventory records, logs, wrappers and run results, including repeated records.											actual_bytes_required
/home/morgana/.codex/worktrees/assembled-allied-ai/orcs-vs-Fairies/work/ai-save401-final-453c221-r1	453c2218af9973b9eca8fb78392435bd9d46a740	envelopes/build-web/stderr.log	333	edfe907c4600724e7ba86b847fdab6fd855668d7c30fa7555bdad493789215f6	bf8ed2449d14c0f3bcf00d32af4ca831885c08212be96fecc96ebd8d581ee681	sealed_run_envelopes_inventories	retain_actual_bytes	Retain envelope bytes, source/build/package inventory records, logs, wrappers and run results, including repeated records.											actual_bytes_required
/home/morgana/.codex/worktrees/assembled-allied-ai/orcs-vs-Fairies/work/ai-save401-final-453c221-r1	453c2218af9973b9eca8fb78392435bd9d46a740	envelopes/build-web/stdout.log	549	d18e09e8fe5f8bffbf50663cda23f5c24839f0d6926337a90aa10a9736cfb3ba	bf8ed2449d14c0f3bcf00d32af4ca831885c08212be96fecc96ebd8d581ee681	sealed_run_envelopes_inventories	retain_actual_bytes	Retain envelope bytes, source/build/package inventory records, logs, wrappers and run results, including repeated records.											actual_bytes_required
/home/morgana/.codex/worktrees/assembled-allied-ai/orcs-vs-Fairies/work/ai-save401-final-453c221-r1	453c2218af9973b9eca8fb78392435bd9d46a740	envelopes/coop-ui/artifacts.json	476	372f161ce94839f00875e6fec60bfc0fdb8f78e994f9f547e1b0f042c5021f8c	bf8ed2449d14c0f3bcf00d32af4ca831885c08212be96fecc96ebd8d581ee681	sealed_run_envelopes_inventories	retain_actual_bytes	Retain envelope bytes, source/build/package inventory records, logs, wrappers and run results, including repeated records.											actual_bytes_required
/home/morgana/.codex/worktrees/assembled-allied-ai/orcs-vs-Fairies/work/ai-save401-final-453c221-r1	453c2218af9973b9eca8fb78392435bd9d46a740	envelopes/coop-ui/build-after.json	154961	98cc6de5759dbe2aee3df596f39f38fc7400f22bdabad3d3ba1bdde907e6ce6d	bf8ed2449d14c0f3bcf00d32af4ca831885c08212be96fecc96ebd8d581ee681	sealed_run_envelopes_inventories	retain_actual_bytes	Retain envelope bytes, source/build/package inventory records, logs, wrappers and run results, including repeated records.											actual_bytes_required
/home/morgana/.codex/worktrees/assembled-allied-ai/orcs-vs-Fairies/work/ai-save401-final-453c221-r1	453c2218af9973b9eca8fb78392435bd9d46a740	envelopes/coop-ui/build-before.json	154961	98cc6de5759dbe2aee3df596f39f38fc7400f22bdabad3d3ba1bdde907e6ce6d	bf8ed2449d14c0f3bcf00d32af4ca831885c08212be96fecc96ebd8d581ee681	sealed_run_envelopes_inventories	retain_actual_bytes	Retain envelope bytes, source/build/package inventory records, logs, wrappers and run results, including repeated records.											actual_bytes_required
/home/morgana/.codex/worktrees/assembled-allied-ai/orcs-vs-Fairies/work/ai-save401-final-453c221-r1	453c2218af9973b9eca8fb78392435bd9d46a740	envelopes/coop-ui/manifest.json	1410	4f2960f292df8cb98d9615d4c811b79ca2260a136a7b3974e746df581bccb9cb	bf8ed2449d14c0f3bcf00d32af4ca831885c08212be96fecc96ebd8d581ee681	sealed_run_envelopes_inventories	retain_actual_bytes	Retain envelope bytes, source/build/package inventory records, logs, wrappers and run results, including repeated records.											actual_bytes_required
/home/morgana/.codex/worktrees/assembled-allied-ai/orcs-vs-Fairies/work/ai-save401-final-453c221-r1	453c2218af9973b9eca8fb78392435bd9d46a740	envelopes/coop-ui/proof-envelope.mjs	10509	bb8c80fc33ca6a25e044a5df60350030bb2177461d265025b9bfcffcdc3a1cd2	bf8ed2449d14c0f3bcf00d32af4ca831885c08212be96fecc96ebd8d581ee681	sealed_run_envelopes_inventories	retain_actual_bytes	Retain envelope bytes, source/build/package inventory records, logs, wrappers and run results, including repeated records.											actual_bytes_required
/home/morgana/.codex/worktrees/assembled-allied-ai/orcs-vs-Fairies/work/ai-save401-final-453c221-r1	453c2218af9973b9eca8fb78392435bd9d46a740	envelopes/coop-ui/run.json	3107	9dd2fc602d43208c6657baa18a64461ea830a94d20eb7446ea92026c313b9d49	bf8ed2449d14c0f3bcf00d32af4ca831885c08212be96fecc96ebd8d581ee681	sealed_run_envelopes_inventories	retain_actual_bytes	Retain envelope bytes, source/build/package inventory records, logs, wrappers and run results, including repeated records.											actual_bytes_required
/home/morgana/.codex/worktrees/assembled-allied-ai/orcs-vs-Fairies/work/ai-save401-final-453c221-r1	453c2218af9973b9eca8fb78392435bd9d46a740	envelopes/coop-ui/source-after.json	128449	eb414c0a5c82b49110c36e83c8fad83e16c35ff886560d1116511a334b52c910	bf8ed2449d14c0f3bcf00d32af4ca831885c08212be96fecc96ebd8d581ee681	sealed_run_envelopes_inventories	retain_actual_bytes	Retain envelope bytes, source/build/package inventory records, logs, wrappers and run results, including repeated records.											actual_bytes_required
/home/morgana/.codex/worktrees/assembled-allied-ai/orcs-vs-Fairies/work/ai-save401-final-453c221-r1	453c2218af9973b9eca8fb78392435bd9d46a740	envelopes/coop-ui/source-before.json	128449	eb414c0a5c82b49110c36e83c8fad83e16c35ff886560d1116511a334b52c910	bf8ed2449d14c0f3bcf00d32af4ca831885c08212be96fecc96ebd8d581ee681	sealed_run_envelopes_inventories	retain_actual_bytes	Retain envelope bytes, source/build/package inventory records, logs, wrappers and run results, including repeated records.											actual_bytes_required
/home/morgana/.codex/worktrees/assembled-allied-ai/orcs-vs-Fairies/work/ai-save401-final-453c221-r1	453c2218af9973b9eca8fb78392435bd9d46a740	envelopes/coop-ui/stderr.log	3653	979c7385dbe4ed6e6c287457a922e0a0e3f66477896f8007f7c7db987fd59e6f	bf8ed2449d14c0f3bcf00d32af4ca831885c08212be96fecc96ebd8d581ee681	sealed_run_envelopes_inventories	retain_actual_bytes	Retain envelope bytes, source/build/package inventory records, logs, wrappers and run results, including repeated records.											actual_bytes_required
/home/morgana/.codex/worktrees/assembled-allied-ai/orcs-vs-Fairies/work/ai-save401-final-453c221-r1	453c2218af9973b9eca8fb78392435bd9d46a740	envelopes/coop-ui/stdout.log	112	cc5eea054cdc1342ed44c45947cae9e0b57f0fcf71d5c4f5cebec0a74edfe33c	bf8ed2449d14c0f3bcf00d32af4ca831885c08212be96fecc96ebd8d581ee681	sealed_run_envelopes_inventories	retain_actual_bytes	Retain envelope bytes, source/build/package inventory records, logs, wrappers and run results, including repeated records.											actual_bytes_required
/home/morgana/.codex/worktrees/assembled-allied-ai/orcs-vs-Fairies/work/ai-save401-final-453c221-r1	453c2218af9973b9eca8fb78392435bd9d46a740	envelopes/natural-allied/artifacts.json	1202	e475057beb81ab853d3bb94818d74a7fad4647d95626f63f6b80fcc8c502f4ba	bf8ed2449d14c0f3bcf00d32af4ca831885c08212be96fecc96ebd8d581ee681	sealed_run_envelopes_inventories	retain_actual_bytes	Retain envelope bytes, source/build/package inventory records, logs, wrappers and run results, including repeated records.											actual_bytes_required
/home/morgana/.codex/worktrees/assembled-allied-ai/orcs-vs-Fairies/work/ai-save401-final-453c221-r1	453c2218af9973b9eca8fb78392435bd9d46a740	envelopes/natural-allied/build-after.json	183	ac2d5f78c229f183e0dc5f094023a0219a37bccb167e9aca089c945099219d75	bf8ed2449d14c0f3bcf00d32af4ca831885c08212be96fecc96ebd8d581ee681	sealed_run_envelopes_inventories	retain_actual_bytes	Retain envelope bytes, source/build/package inventory records, logs, wrappers and run results, including repeated records.											actual_bytes_required
/home/morgana/.codex/worktrees/assembled-allied-ai/orcs-vs-Fairies/work/ai-save401-final-453c221-r1	453c2218af9973b9eca8fb78392435bd9d46a740	envelopes/natural-allied/build-before.json	183	ac2d5f78c229f183e0dc5f094023a0219a37bccb167e9aca089c945099219d75	bf8ed2449d14c0f3bcf00d32af4ca831885c08212be96fecc96ebd8d581ee681	sealed_run_envelopes_inventories	retain_actual_bytes	Retain envelope bytes, source/build/package inventory records, logs, wrappers and run results, including repeated records.											actual_bytes_required
/home/morgana/.codex/worktrees/assembled-allied-ai/orcs-vs-Fairies/work/ai-save401-final-453c221-r1	453c2218af9973b9eca8fb78392435bd9d46a740	envelopes/natural-allied/manifest.json	1403	90a56079f01c5d4def54bf6efc92e3aa51b679ea05a2d29ba411f3e6b084375c	bf8ed2449d14c0f3bcf00d32af4ca831885c08212be96fecc96ebd8d581ee681	sealed_run_envelopes_inventories	retain_actual_bytes	Retain envelope bytes, source/build/package inventory records, logs, wrappers and run results, including repeated records.											actual_bytes_required
/home/morgana/.codex/worktrees/assembled-allied-ai/orcs-vs-Fairies/work/ai-save401-final-453c221-r1	453c2218af9973b9eca8fb78392435bd9d46a740	envelopes/natural-allied/proof-envelope.mjs	10509	bb8c80fc33ca6a25e044a5df60350030bb2177461d265025b9bfcffcdc3a1cd2	bf8ed2449d14c0f3bcf00d32af4ca831885c08212be96fecc96ebd8d581ee681	sealed_run_envelopes_inventories	retain_actual_bytes	Retain envelope bytes, source/build/package inventory records, logs, wrappers and run results, including repeated records.											actual_bytes_required
/home/morgana/.codex/worktrees/assembled-allied-ai/orcs-vs-Fairies/work/ai-save401-final-453c221-r1	453c2218af9973b9eca8fb78392435bd9d46a740	envelopes/natural-allied/run.json	1203	70bbc46bb6610088f9fb0e891b91f2c8b6294f3e2e037d540a04e121d0f7d38f	bf8ed2449d14c0f3bcf00d32af4ca831885c08212be96fecc96ebd8d581ee681	sealed_run_envelopes_inventories	retain_actual_bytes	Retain envelope bytes, source/build/package inventory records, logs, wrappers and run results, including repeated records.											actual_bytes_required
/home/morgana/.codex/worktrees/assembled-allied-ai/orcs-vs-Fairies/work/ai-save401-final-453c221-r1	453c2218af9973b9eca8fb78392435bd9d46a740	envelopes/natural-allied/source-after.json	128449	eb414c0a5c82b49110c36e83c8fad83e16c35ff886560d1116511a334b52c910	bf8ed2449d14c0f3bcf00d32af4ca831885c08212be96fecc96ebd8d581ee681	sealed_run_envelopes_inventories	retain_actual_bytes	Retain envelope bytes, source/build/package inventory records, logs, wrappers and run results, including repeated records.											actual_bytes_required
/home/morgana/.codex/worktrees/assembled-allied-ai/orcs-vs-Fairies/work/ai-save401-final-453c221-r1	453c2218af9973b9eca8fb78392435bd9d46a740	envelopes/natural-allied/source-before.json	128449	eb414c0a5c82b49110c36e83c8fad83e16c35ff886560d1116511a334b52c910	bf8ed2449d14c0f3bcf00d32af4ca831885c08212be96fecc96ebd8d581ee681	sealed_run_envelopes_inventories	retain_actual_bytes	Retain envelope bytes, source/build/package inventory records, logs, wrappers and run results, including repeated records.											actual_bytes_required
/home/morgana/.codex/worktrees/assembled-allied-ai/orcs-vs-Fairies/work/ai-save401-final-453c221-r1	453c2218af9973b9eca8fb78392435bd9d46a740	envelopes/natural-allied/stderr.log	0	e3b0c44298fc1c149afbf4c8996fb92427ae41e4649b934ca495991b7852b855	bf8ed2449d14c0f3bcf00d32af4ca831885c08212be96fecc96ebd8d581ee681	sealed_run_envelopes_inventories	retain_actual_bytes	Retain envelope bytes, source/build/package inventory records, logs, wrappers and run results, including repeated records.											actual_bytes_required
/home/morgana/.codex/worktrees/assembled-allied-ai/orcs-vs-Fairies/work/ai-save401-final-453c221-r1	453c2218af9973b9eca8fb78392435bd9d46a740	envelopes/natural-allied/stdout.log	1435	c3e4894609b413f5eeb5d8c040a40264d138635d5360987e4780e0a2ce7588c3	bf8ed2449d14c0f3bcf00d32af4ca831885c08212be96fecc96ebd8d581ee681	sealed_run_envelopes_inventories	retain_actual_bytes	Retain envelope bytes, source/build/package inventory records, logs, wrappers and run results, including repeated records.											actual_bytes_required
/home/morgana/.codex/worktrees/assembled-allied-ai/orcs-vs-Fairies/work/ai-save401-final-453c221-r1	453c2218af9973b9eca8fb78392435bd9d46a740	envelopes/roster-ui/artifacts.json	2914	984f97458ca64874475f0eff42ff3f849291304d802587b2c2a02ec3c13dee43	bf8ed2449d14c0f3bcf00d32af4ca831885c08212be96fecc96ebd8d581ee681	sealed_run_envelopes_inventories	retain_actual_bytes	Retain envelope bytes, source/build/package inventory records, logs, wrappers and run results, including repeated records.											actual_bytes_required
/home/morgana/.codex/worktrees/assembled-allied-ai/orcs-vs-Fairies/work/ai-save401-final-453c221-r1	453c2218af9973b9eca8fb78392435bd9d46a740	envelopes/roster-ui/build-after.json	154961	98cc6de5759dbe2aee3df596f39f38fc7400f22bdabad3d3ba1bdde907e6ce6d	bf8ed2449d14c0f3bcf00d32af4ca831885c08212be96fecc96ebd8d581ee681	sealed_run_envelopes_inventories	retain_actual_bytes	Retain envelope bytes, source/build/package inventory records, logs, wrappers and run results, including repeated records.											actual_bytes_required
/home/morgana/.codex/worktrees/assembled-allied-ai/orcs-vs-Fairies/work/ai-save401-final-453c221-r1	453c2218af9973b9eca8fb78392435bd9d46a740	envelopes/roster-ui/build-before.json	154961	98cc6de5759dbe2aee3df596f39f38fc7400f22bdabad3d3ba1bdde907e6ce6d	bf8ed2449d14c0f3bcf00d32af4ca831885c08212be96fecc96ebd8d581ee681	sealed_run_envelopes_inventories	retain_actual_bytes	Retain envelope bytes, source/build/package inventory records, logs, wrappers and run results, including repeated records.											actual_bytes_required
/home/morgana/.codex/worktrees/assembled-allied-ai/orcs-vs-Fairies/work/ai-save401-final-453c221-r1	453c2218af9973b9eca8fb78392435bd9d46a740	envelopes/roster-ui/manifest.json	1412	f25ddd264e958744a6ede5986c110b89ad1d599c5813ea51a19e46567dd56874	bf8ed2449d14c0f3bcf00d32af4ca831885c08212be96fecc96ebd8d581ee681	sealed_run_envelopes_inventories	retain_actual_bytes	Retain envelope bytes, source/build/package inventory records, logs, wrappers and run results, including repeated records.											actual_bytes_required
/home/morgana/.codex/worktrees/assembled-allied-ai/orcs-vs-Fairies/work/ai-save401-final-453c221-r1	453c2218af9973b9eca8fb78392435bd9d46a740	envelopes/roster-ui/proof-envelope.mjs	10509	bb8c80fc33ca6a25e044a5df60350030bb2177461d265025b9bfcffcdc3a1cd2	bf8ed2449d14c0f3bcf00d32af4ca831885c08212be96fecc96ebd8d581ee681	sealed_run_envelopes_inventories	retain_actual_bytes	Retain envelope bytes, source/build/package inventory records, logs, wrappers and run results, including repeated records.											actual_bytes_required
/home/morgana/.codex/worktrees/assembled-allied-ai/orcs-vs-Fairies/work/ai-save401-final-453c221-r1	453c2218af9973b9eca8fb78392435bd9d46a740	envelopes/roster-ui/run.json	2798	3109cefc3f26dc304e2add702822314fb9c968da1bdd25d4536109c22f790451	bf8ed2449d14c0f3bcf00d32af4ca831885c08212be96fecc96ebd8d581ee681	sealed_run_envelopes_inventories	retain_actual_bytes	Retain envelope bytes, source/build/package inventory records, logs, wrappers and run results, including repeated records.											actual_bytes_required
/home/morgana/.codex/worktrees/assembled-allied-ai/orcs-vs-Fairies/work/ai-save401-final-453c221-r1	453c2218af9973b9eca8fb78392435bd9d46a740	envelopes/roster-ui/source-after.json	128449	eb414c0a5c82b49110c36e83c8fad83e16c35ff886560d1116511a334b52c910	bf8ed2449d14c0f3bcf00d32af4ca831885c08212be96fecc96ebd8d581ee681	sealed_run_envelopes_inventories	retain_actual_bytes	Retain envelope bytes, source/build/package inventory records, logs, wrappers and run results, including repeated records.											actual_bytes_required
/home/morgana/.codex/worktrees/assembled-allied-ai/orcs-vs-Fairies/work/ai-save401-final-453c221-r1	453c2218af9973b9eca8fb78392435bd9d46a740	envelopes/roster-ui/source-before.json	128449	eb414c0a5c82b49110c36e83c8fad83e16c35ff886560d1116511a334b52c910	bf8ed2449d14c0f3bcf00d32af4ca831885c08212be96fecc96ebd8d581ee681	sealed_run_envelopes_inventories	retain_actual_bytes	Retain envelope bytes, source/build/package inventory records, logs, wrappers and run results, including repeated records.											actual_bytes_required
/home/morgana/.codex/worktrees/assembled-allied-ai/orcs-vs-Fairies/work/ai-save401-final-453c221-r1	453c2218af9973b9eca8fb78392435bd9d46a740	envelopes/roster-ui/stderr.log	3904	352def7ea5befa80a2cd72ae9eca67716672da726a22e57497e0f9d4eae29909	bf8ed2449d14c0f3bcf00d32af4ca831885c08212be96fecc96ebd8d581ee681	sealed_run_envelopes_inventories	retain_actual_bytes	Retain envelope bytes, source/build/package inventory records, logs, wrappers and run results, including repeated records.											actual_bytes_required
/home/morgana/.codex/worktrees/assembled-allied-ai/orcs-vs-Fairies/work/ai-save401-final-453c221-r1	453c2218af9973b9eca8fb78392435bd9d46a740	envelopes/roster-ui/stdout.log	3789	18e9f5db19ce1a2bd395bfc22c07896a6065340336737b1b711424eb10a8870c	bf8ed2449d14c0f3bcf00d32af4ca831885c08212be96fecc96ebd8d581ee681	sealed_run_envelopes_inventories	retain_actual_bytes	Retain envelope bytes, source/build/package inventory records, logs, wrappers and run results, including repeated records.											actual_bytes_required
/home/morgana/.codex/worktrees/assembled-allied-ai/orcs-vs-Fairies/work/ai-save401-final-453c221-r1	453c2218af9973b9eca8fb78392435bd9d46a740	executables/allied-ui/after.json	415634	c7c65f9f3537f28a9227ddd391a8b5eac47be5fe9125c9ce702c01bc7ae32638	bf8ed2449d14c0f3bcf00d32af4ca831885c08212be96fecc96ebd8d581ee681	execution_provenance_and_generated_outputs	retain_actual_bytes	Retain runtime, process, launcher and generated executable provenance bytes.											actual_bytes_required
/home/morgana/.codex/worktrees/assembled-allied-ai/orcs-vs-Fairies/work/ai-save401-final-453c221-r1	453c2218af9973b9eca8fb78392435bd9d46a740	executables/allied-ui/before.json	415634	c7c65f9f3537f28a9227ddd391a8b5eac47be5fe9125c9ce702c01bc7ae32638	bf8ed2449d14c0f3bcf00d32af4ca831885c08212be96fecc96ebd8d581ee681	execution_provenance_and_generated_outputs	retain_actual_bytes	Retain runtime, process, launcher and generated executable provenance bytes.											actual_bytes_required
/home/morgana/.codex/worktrees/assembled-allied-ai/orcs-vs-Fairies/work/ai-save401-final-453c221-r1	453c2218af9973b9eca8fb78392435bd9d46a740	executables/allied-ui/executable-provenance.mjs	3268	5b272872c4566e2a21229b4e5db958b994a0a179752d6629cf6b3d04cc8c2afc	bf8ed2449d14c0f3bcf00d32af4ca831885c08212be96fecc96ebd8d581ee681	execution_provenance_and_generated_outputs	retain_actual_bytes	Retain runtime, process, launcher and generated executable provenance bytes.											actual_bytes_required
/home/morgana/.codex/worktrees/assembled-allied-ai/orcs-vs-Fairies/work/ai-save401-final-453c221-r1	453c2218af9973b9eca8fb78392435bd9d46a740	executables/build-server/after.json	415634	c7c65f9f3537f28a9227ddd391a8b5eac47be5fe9125c9ce702c01bc7ae32638	bf8ed2449d14c0f3bcf00d32af4ca831885c08212be96fecc96ebd8d581ee681	execution_provenance_and_generated_outputs	retain_actual_bytes	Retain runtime, process, launcher and generated executable provenance bytes.											actual_bytes_required
/home/morgana/.codex/worktrees/assembled-allied-ai/orcs-vs-Fairies/work/ai-save401-final-453c221-r1	453c2218af9973b9eca8fb78392435bd9d46a740	executables/build-server/before.json	415634	c7c65f9f3537f28a9227ddd391a8b5eac47be5fe9125c9ce702c01bc7ae32638	bf8ed2449d14c0f3bcf00d32af4ca831885c08212be96fecc96ebd8d581ee681	execution_provenance_and_generated_outputs	retain_actual_bytes	Retain runtime, process, launcher and generated executable provenance bytes.											actual_bytes_required
/home/morgana/.codex/worktrees/assembled-allied-ai/orcs-vs-Fairies/work/ai-save401-final-453c221-r1	453c2218af9973b9eca8fb78392435bd9d46a740	executables/build-server/executable-provenance.mjs	3268	5b272872c4566e2a21229b4e5db958b994a0a179752d6629cf6b3d04cc8c2afc	bf8ed2449d14c0f3bcf00d32af4ca831885c08212be96fecc96ebd8d581ee681	execution_provenance_and_generated_outputs	retain_actual_bytes	Retain runtime, process, launcher and generated executable provenance bytes.											actual_bytes_required
/home/morgana/.codex/worktrees/assembled-allied-ai/orcs-vs-Fairies/work/ai-save401-final-453c221-r1	453c2218af9973b9eca8fb78392435bd9d46a740	executables/build-web/after.json	415634	c7c65f9f3537f28a9227ddd391a8b5eac47be5fe9125c9ce702c01bc7ae32638	bf8ed2449d14c0f3bcf00d32af4ca831885c08212be96fecc96ebd8d581ee681	execution_provenance_and_generated_outputs	retain_actual_bytes	Retain runtime, process, launcher and generated executable provenance bytes.											actual_bytes_required
/home/morgana/.codex/worktrees/assembled-allied-ai/orcs-vs-Fairies/work/ai-save401-final-453c221-r1	453c2218af9973b9eca8fb78392435bd9d46a740	executables/build-web/before.json	415634	c7c65f9f3537f28a9227ddd391a8b5eac47be5fe9125c9ce702c01bc7ae32638	bf8ed2449d14c0f3bcf00d32af4ca831885c08212be96fecc96ebd8d581ee681	execution_provenance_and_generated_outputs	retain_actual_bytes	Retain runtime, process, launcher and generated executable provenance bytes.											actual_bytes_required
/home/morgana/.codex/worktrees/assembled-allied-ai/orcs-vs-Fairies/work/ai-save401-final-453c221-r1	453c2218af9973b9eca8fb78392435bd9d46a740	executables/build-web/executable-provenance.mjs	3268	5b272872c4566e2a21229b4e5db958b994a0a179752d6629cf6b3d04cc8c2afc	bf8ed2449d14c0f3bcf00d32af4ca831885c08212be96fecc96ebd8d581ee681	execution_provenance_and_generated_outputs	retain_actual_bytes	Retain runtime, process, launcher and generated executable provenance bytes.											actual_bytes_required
/home/morgana/.codex/worktrees/assembled-allied-ai/orcs-vs-Fairies/work/ai-save401-final-453c221-r1	453c2218af9973b9eca8fb78392435bd9d46a740	executables/coop-ui/after.json	415634	c7c65f9f3537f28a9227ddd391a8b5eac47be5fe9125c9ce702c01bc7ae32638	bf8ed2449d14c0f3bcf00d32af4ca831885c08212be96fecc96ebd8d581ee681	execution_provenance_and_generated_outputs	retain_actual_bytes	Retain runtime, process, launcher and generated executable provenance bytes.											actual_bytes_required
/home/morgana/.codex/worktrees/assembled-allied-ai/orcs-vs-Fairies/work/ai-save401-final-453c221-r1	453c2218af9973b9eca8fb78392435bd9d46a740	executables/coop-ui/before.json	415634	c7c65f9f3537f28a9227ddd391a8b5eac47be5fe9125c9ce702c01bc7ae32638	bf8ed2449d14c0f3bcf00d32af4ca831885c08212be96fecc96ebd8d581ee681	execution_provenance_and_generated_outputs	retain_actual_bytes	Retain runtime, process, launcher and generated executable provenance bytes.											actual_bytes_required
/home/morgana/.codex/worktrees/assembled-allied-ai/orcs-vs-Fairies/work/ai-save401-final-453c221-r1	453c2218af9973b9eca8fb78392435bd9d46a740	executables/coop-ui/executable-provenance.mjs	3268	5b272872c4566e2a21229b4e5db958b994a0a179752d6629cf6b3d04cc8c2afc	bf8ed2449d14c0f3bcf00d32af4ca831885c08212be96fecc96ebd8d581ee681	execution_provenance_and_generated_outputs	retain_actual_bytes	Retain runtime, process, launcher and generated executable provenance bytes.											actual_bytes_required
/home/morgana/.codex/worktrees/assembled-allied-ai/orcs-vs-Fairies/work/ai-save401-final-453c221-r1	453c2218af9973b9eca8fb78392435bd9d46a740	executables/natural-allied/after.json	415634	c7c65f9f3537f28a9227ddd391a8b5eac47be5fe9125c9ce702c01bc7ae32638	bf8ed2449d14c0f3bcf00d32af4ca831885c08212be96fecc96ebd8d581ee681	execution_provenance_and_generated_outputs	retain_actual_bytes	Retain runtime, process, launcher and generated executable provenance bytes.											actual_bytes_required
/home/morgana/.codex/worktrees/assembled-allied-ai/orcs-vs-Fairies/work/ai-save401-final-453c221-r1	453c2218af9973b9eca8fb78392435bd9d46a740	executables/natural-allied/before.json	415634	c7c65f9f3537f28a9227ddd391a8b5eac47be5fe9125c9ce702c01bc7ae32638	bf8ed2449d14c0f3bcf00d32af4ca831885c08212be96fecc96ebd8d581ee681	execution_provenance_and_generated_outputs	retain_actual_bytes	Retain runtime, process, launcher and generated executable provenance bytes.											actual_bytes_required
/home/morgana/.codex/worktrees/assembled-allied-ai/orcs-vs-Fairies/work/ai-save401-final-453c221-r1	453c2218af9973b9eca8fb78392435bd9d46a740	executables/natural-allied/executable-provenance.mjs	3268	5b272872c4566e2a21229b4e5db958b994a0a179752d6629cf6b3d04cc8c2afc	bf8ed2449d14c0f3bcf00d32af4ca831885c08212be96fecc96ebd8d581ee681	execution_provenance_and_generated_outputs	retain_actual_bytes	Retain runtime, process, launcher and generated executable provenance bytes.											actual_bytes_required
/home/morgana/.codex/worktrees/assembled-allied-ai/orcs-vs-Fairies/work/ai-save401-final-453c221-r1	453c2218af9973b9eca8fb78392435bd9d46a740	executables/roster-ui/after.json	415634	c7c65f9f3537f28a9227ddd391a8b5eac47be5fe9125c9ce702c01bc7ae32638	bf8ed2449d14c0f3bcf00d32af4ca831885c08212be96fecc96ebd8d581ee681	execution_provenance_and_generated_outputs	retain_actual_bytes	Retain runtime, process, launcher and generated executable provenance bytes.											actual_bytes_required
/home/morgana/.codex/worktrees/assembled-allied-ai/orcs-vs-Fairies/work/ai-save401-final-453c221-r1	453c2218af9973b9eca8fb78392435bd9d46a740	executables/roster-ui/before.json	415634	c7c65f9f3537f28a9227ddd391a8b5eac47be5fe9125c9ce702c01bc7ae32638	bf8ed2449d14c0f3bcf00d32af4ca831885c08212be96fecc96ebd8d581ee681	execution_provenance_and_generated_outputs	retain_actual_bytes	Retain runtime, process, launcher and generated executable provenance bytes.											actual_bytes_required
/home/morgana/.codex/worktrees/assembled-allied-ai/orcs-vs-Fairies/work/ai-save401-final-453c221-r1	453c2218af9973b9eca8fb78392435bd9d46a740	executables/roster-ui/executable-provenance.mjs	3268	5b272872c4566e2a21229b4e5db958b994a0a179752d6629cf6b3d04cc8c2afc	bf8ed2449d14c0f3bcf00d32af4ca831885c08212be96fecc96ebd8d581ee681	execution_provenance_and_generated_outputs	retain_actual_bytes	Retain runtime, process, launcher and generated executable provenance bytes.											actual_bytes_required
/home/morgana/.codex/worktrees/assembled-allied-ai/orcs-vs-Fairies/work/ai-save401-final-453c221-r1	453c2218af9973b9eca8fb78392435bd9d46a740	executables/serve/after.json	415634	c7c65f9f3537f28a9227ddd391a8b5eac47be5fe9125c9ce702c01bc7ae32638	bf8ed2449d14c0f3bcf00d32af4ca831885c08212be96fecc96ebd8d581ee681	execution_provenance_and_generated_outputs	retain_actual_bytes	Retain runtime, process, launcher and generated executable provenance bytes.											actual_bytes_required
/home/morgana/.codex/worktrees/assembled-allied-ai/orcs-vs-Fairies/work/ai-save401-final-453c221-r1	453c2218af9973b9eca8fb78392435bd9d46a740	executables/serve/before.json	415634	c7c65f9f3537f28a9227ddd391a8b5eac47be5fe9125c9ce702c01bc7ae32638	bf8ed2449d14c0f3bcf00d32af4ca831885c08212be96fecc96ebd8d581ee681	execution_provenance_and_generated_outputs	retain_actual_bytes	Retain runtime, process, launcher and generated executable provenance bytes.											actual_bytes_required
/home/morgana/.codex/worktrees/assembled-allied-ai/orcs-vs-Fairies/work/ai-save401-final-453c221-r1	453c2218af9973b9eca8fb78392435bd9d46a740	executables/serve/executable-provenance.mjs	3268	5b272872c4566e2a21229b4e5db958b994a0a179752d6629cf6b3d04cc8c2afc	bf8ed2449d14c0f3bcf00d32af4ca831885c08212be96fecc96ebd8d581ee681	execution_provenance_and_generated_outputs	retain_actual_bytes	Retain runtime, process, launcher and generated executable provenance bytes.											actual_bytes_required
/home/morgana/.codex/worktrees/assembled-allied-ai/orcs-vs-Fairies/work/ai-save401-final-453c221-r1	453c2218af9973b9eca8fb78392435bd9d46a740	final-status.json	13767	e9de9c2fecc14dff26806c5f6301982897a2e3c50934c121b0a7f90bd74a78d4	bf8ed2449d14c0f3bcf00d32af4ca831885c08212be96fecc96ebd8d581ee681	status_and_decisions	retain_actual_bytes	Retain final status and decision evidence.											actual_bytes_required
/home/morgana/.codex/worktrees/assembled-allied-ai/orcs-vs-Fairies/work/ai-save401-final-453c221-r1	453c2218af9973b9eca8fb78392435bd9d46a740	launcher/followup-453c221-r4-chromium1243.sh	5739	49721f151fd5cb98b80b5143c850c67051d7abe22b1deb1625f3a5932be65f9f	bf8ed2449d14c0f3bcf00d32af4ca831885c08212be96fecc96ebd8d581ee681	execution_provenance_and_generated_outputs	retain_actual_bytes	Retain runtime, process, launcher and generated executable provenance bytes.											actual_bytes_required
/home/morgana/.codex/worktrees/assembled-allied-ai/orcs-vs-Fairies/work/ai-save401-final-453c221-r1	453c2218af9973b9eca8fb78392435bd9d46a740	launcher/playwright-chromium-1243.mjs	566	7fe266503ffb4a65da331e6ae3fa7ffa248f805595dcb5e417a7669fc73bbd6d	bf8ed2449d14c0f3bcf00d32af4ca831885c08212be96fecc96ebd8d581ee681	execution_provenance_and_generated_outputs	retain_actual_bytes	Retain runtime, process, launcher and generated executable provenance bytes.											actual_bytes_required
/home/morgana/.codex/worktrees/assembled-allied-ai/orcs-vs-Fairies/work/ai-save401-final-453c221-r1	453c2218af9973b9eca8fb78392435bd9d46a740	launcher/preparation.json	3669	2cf25c7b09ad014f6d41182c08813c2563629cdfa9efb61f12ea99243f52a399	bf8ed2449d14c0f3bcf00d32af4ca831885c08212be96fecc96ebd8d581ee681	execution_provenance_and_generated_outputs	retain_actual_bytes	Retain runtime, process, launcher and generated executable provenance bytes.											actual_bytes_required
/home/morgana/.codex/worktrees/assembled-allied-ai/orcs-vs-Fairies/work/ai-save401-final-453c221-r1	453c2218af9973b9eca8fb78392435bd9d46a740	launcher/verify-launcher.mjs	3013	26cb27354394de2fc70e27bac2288fd787e80adc608e73febe23e4cba13b51dd	bf8ed2449d14c0f3bcf00d32af4ca831885c08212be96fecc96ebd8d581ee681	execution_provenance_and_generated_outputs	retain_actual_bytes	Retain runtime, process, launcher and generated executable provenance bytes.											actual_bytes_required
/home/morgana/.codex/worktrees/assembled-allied-ai/orcs-vs-Fairies/work/ai-save401-final-453c221-r1	453c2218af9973b9eca8fb78392435bd9d46a740	natural-allied/medium-dwarves-undead-orcs-fairies-save.json	257179	eee09b32d3726c7abedb2fb061e951452a64a89f196718384f20c14663107172	bf8ed2449d14c0f3bcf00d32af4ca831885c08212be96fecc96ebd8d581ee681	native_runs_saves_replays_screenshots	retain_actual_bytes	Retain run-specific artifacts, saves, replays, frames, transport captures, screenshots and outcomes.											actual_bytes_required
/home/morgana/.codex/worktrees/assembled-allied-ai/orcs-vs-Fairies/work/ai-save401-final-453c221-r1	453c2218af9973b9eca8fb78392435bd9d46a740	natural-allied/medium-dwarves-undead-orcs-fairies.json	124633	93bd95cac03a6807fd79a569bd3a32724c5821782a25188507c6c7e674bc1fe7	bf8ed2449d14c0f3bcf00d32af4ca831885c08212be96fecc96ebd8d581ee681	native_runs_saves_replays_screenshots	retain_actual_bytes	Retain run-specific artifacts, saves, replays, frames, transport captures, screenshots and outcomes.											actual_bytes_required
/home/morgana/.codex/worktrees/assembled-allied-ai/orcs-vs-Fairies/work/ai-save401-final-453c221-r1	453c2218af9973b9eca8fb78392435bd9d46a740	natural-allied/small-orcs-fairies-dwarves-undead-save.json	267855	a1d80ade1337b574034a5a4ad75968f906c216210b85873f64c99e98c835a260	bf8ed2449d14c0f3bcf00d32af4ca831885c08212be96fecc96ebd8d581ee681	native_runs_saves_replays_screenshots	retain_actual_bytes	Retain run-specific artifacts, saves, replays, frames, transport captures, screenshots and outcomes.											actual_bytes_required
/home/morgana/.codex/worktrees/assembled-allied-ai/orcs-vs-Fairies/work/ai-save401-final-453c221-r1	453c2218af9973b9eca8fb78392435bd9d46a740	natural-allied/small-orcs-fairies-dwarves-undead.json	128374	526bf743bc143412caf735ed2798c11777f004282729081ed67f2ceef5f8c6c9	bf8ed2449d14c0f3bcf00d32af4ca831885c08212be96fecc96ebd8d581ee681	native_runs_saves_replays_screenshots	retain_actual_bytes	Retain run-specific artifacts, saves, replays, frames, transport captures, screenshots and outcomes.											actual_bytes_required
/home/morgana/.codex/worktrees/assembled-allied-ai/orcs-vs-Fairies/work/ai-save401-final-453c221-r1	453c2218af9973b9eca8fb78392435bd9d46a740	natural-allied/source-after-medium-dwarves-undead-orcs-fairies.json	7072	4e572f21f1ae916435632e0a9fa3489da9853abf8cb60b6c0fbd0f79497a2979	bf8ed2449d14c0f3bcf00d32af4ca831885c08212be96fecc96ebd8d581ee681	native_runs_saves_replays_screenshots	retain_actual_bytes	Retain run-specific artifacts, saves, replays, frames, transport captures, screenshots and outcomes.											actual_bytes_required
/home/morgana/.codex/worktrees/assembled-allied-ai/orcs-vs-Fairies/work/ai-save401-final-453c221-r1	453c2218af9973b9eca8fb78392435bd9d46a740	natural-allied/source-after-small-orcs-fairies-dwarves-undead.json	7072	4e572f21f1ae916435632e0a9fa3489da9853abf8cb60b6c0fbd0f79497a2979	bf8ed2449d14c0f3bcf00d32af4ca831885c08212be96fecc96ebd8d581ee681	native_runs_saves_replays_screenshots	retain_actual_bytes	Retain run-specific artifacts, saves, replays, frames, transport captures, screenshots and outcomes.											actual_bytes_required
/home/morgana/.codex/worktrees/assembled-allied-ai/orcs-vs-Fairies/work/ai-save401-final-453c221-r1	453c2218af9973b9eca8fb78392435bd9d46a740	natural-allied/source-before.json	7099	0cc3604df57df43454ebd6d99379334a2e09e9a73ab19e07eea5745612e08df3	bf8ed2449d14c0f3bcf00d32af4ca831885c08212be96fecc96ebd8d581ee681	native_runs_saves_replays_screenshots	retain_actual_bytes	Retain run-specific artifacts, saves, replays, frames, transport captures, screenshots and outcomes.											actual_bytes_required
/home/morgana/.codex/worktrees/assembled-allied-ai/orcs-vs-Fairies/work/ai-save401-final-453c221-r1	453c2218af9973b9eca8fb78392435bd9d46a740	preparation/audit-envelope.py	2440	66343016fce780aa1fb02766c11378dfe1dba8f02a9f7a0fd50b380079e3f00d	bf8ed2449d14c0f3bcf00d32af4ca831885c08212be96fecc96ebd8d581ee681	preparation_cleanup_and_history	retain_actual_bytes	Retain preparation scripts, prior-history inventories and cleanup records.											actual_bytes_required
/home/morgana/.codex/worktrees/assembled-allied-ai/orcs-vs-Fairies/work/ai-save401-final-453c221-r1	453c2218af9973b9eca8fb78392435bd9d46a740	preparation/audit-failed-envelope.py	2465	a2aaf7fe22300e10e211c7fa1a30572f4b6da68240e52b1c253fa2e7c9e550fa	bf8ed2449d14c0f3bcf00d32af4ca831885c08212be96fecc96ebd8d581ee681	preparation_cleanup_and_history	retain_actual_bytes	Retain preparation scripts, prior-history inventories and cleanup records.											actual_bytes_required
/home/morgana/.codex/worktrees/assembled-allied-ai/orcs-vs-Fairies/work/ai-save401-final-453c221-r1	453c2218af9973b9eca8fb78392435bd9d46a740	preparation/browser-provenance.mjs	3324	44a7d88b5f5662b68b1e8691d32312e6457ac5df6a26db479c818f0649df9237	bf8ed2449d14c0f3bcf00d32af4ca831885c08212be96fecc96ebd8d581ee681	preparation_cleanup_and_history	retain_actual_bytes	Retain preparation scripts, prior-history inventories and cleanup records.											actual_bytes_required
/home/morgana/.codex/worktrees/assembled-allied-ai/orcs-vs-Fairies/work/ai-save401-final-453c221-r1	453c2218af9973b9eca8fb78392435bd9d46a740	preparation/browser-selection-preflight.json	1198	f18fd1f5947a1ce3b8cff201f1ee0974e0a72409e6f6e30aab01a5985a224e2c	bf8ed2449d14c0f3bcf00d32af4ca831885c08212be96fecc96ebd8d581ee681	preparation_cleanup_and_history	retain_actual_bytes	Retain preparation scripts, prior-history inventories and cleanup records.											actual_bytes_required
/home/morgana/.codex/worktrees/assembled-allied-ai/orcs-vs-Fairies/work/ai-save401-final-453c221-r1	453c2218af9973b9eca8fb78392435bd9d46a740	preparation/capture-browser-process-r2.py	1935	0f83c227c3da0a33a88cf7b56233d55377e593bda80b3d8766dd12b469bd78f3	bf8ed2449d14c0f3bcf00d32af4ca831885c08212be96fecc96ebd8d581ee681	preparation_cleanup_and_history	retain_actual_bytes	Retain preparation scripts, prior-history inventories and cleanup records.											actual_bytes_required
/home/morgana/.codex/worktrees/assembled-allied-ai/orcs-vs-Fairies/work/ai-save401-final-453c221-r1	453c2218af9973b9eca8fb78392435bd9d46a740	preparation/capture-browser-process-r3.py	1963	bd6e1745de396cbccff6c84eea8a7f67ed98890045bf75576336c18832b3cb5b	bf8ed2449d14c0f3bcf00d32af4ca831885c08212be96fecc96ebd8d581ee681	preparation_cleanup_and_history	retain_actual_bytes	Retain preparation scripts, prior-history inventories and cleanup records.											actual_bytes_required
/home/morgana/.codex/worktrees/assembled-allied-ai/orcs-vs-Fairies/work/ai-save401-final-453c221-r1	453c2218af9973b9eca8fb78392435bd9d46a740	preparation/capture-browser-process.py	1490	a6f94f440e300239f395d69d0899bfae225323af97fbd160c2eab40bd2d06c48	bf8ed2449d14c0f3bcf00d32af4ca831885c08212be96fecc96ebd8d581ee681	preparation_cleanup_and_history	retain_actual_bytes	Retain preparation scripts, prior-history inventories and cleanup records.											actual_bytes_required
/home/morgana/.codex/worktrees/assembled-allied-ai/orcs-vs-Fairies/work/ai-save401-final-453c221-r1	453c2218af9973b9eca8fb78392435bd9d46a740	preparation/capture-browser-trace.py	2058	746f31a96a1fab42d83f870050c8f846e60108c2721ccec82ee4eeb16626049d	bf8ed2449d14c0f3bcf00d32af4ca831885c08212be96fecc96ebd8d581ee681	preparation_cleanup_and_history	retain_actual_bytes	Retain preparation scripts, prior-history inventories and cleanup records.											actual_bytes_required
/home/morgana/.codex/worktrees/assembled-allied-ai/orcs-vs-Fairies/work/ai-save401-final-453c221-r1	453c2218af9973b9eca8fb78392435bd9d46a740	preparation/cleanup-owned.py	4818	92045b468694309314de33d2de411759534f3f03e2ea2aef507d4e3aca7681d0	bf8ed2449d14c0f3bcf00d32af4ca831885c08212be96fecc96ebd8d581ee681	preparation_cleanup_and_history	retain_actual_bytes	Retain preparation scripts, prior-history inventories and cleanup records.											actual_bytes_required
/home/morgana/.codex/worktrees/assembled-allied-ai/orcs-vs-Fairies/work/ai-save401-final-453c221-r1	453c2218af9973b9eca8fb78392435bd9d46a740	preparation/history-after-checkout.json	189068	5e95f6c3c1107947a4f6a4732a4f7fc1d7d63e8ef61420c374508d526ae5a1e4	bf8ed2449d14c0f3bcf00d32af4ca831885c08212be96fecc96ebd8d581ee681	preparation_cleanup_and_history	retain_actual_bytes	Retain preparation scripts, prior-history inventories and cleanup records.											actual_bytes_required
/home/morgana/.codex/worktrees/assembled-allied-ai/orcs-vs-Fairies/work/ai-save401-final-453c221-r1	453c2218af9973b9eca8fb78392435bd9d46a740	preparation/history-after-cleanup.json	189068	5e95f6c3c1107947a4f6a4732a4f7fc1d7d63e8ef61420c374508d526ae5a1e4	bf8ed2449d14c0f3bcf00d32af4ca831885c08212be96fecc96ebd8d581ee681	preparation_cleanup_and_history	retain_actual_bytes	Retain preparation scripts, prior-history inventories and cleanup records.											actual_bytes_required
/home/morgana/.codex/worktrees/assembled-allied-ai/orcs-vs-Fairies/work/ai-save401-final-453c221-r1	453c2218af9973b9eca8fb78392435bd9d46a740	preparation/history-before.json	189068	f69f0b4e785fddf829388906d16bb23cd0791d3e4067e552b38a1aedcf9eed92	bf8ed2449d14c0f3bcf00d32af4ca831885c08212be96fecc96ebd8d581ee681	preparation_cleanup_and_history	retain_actual_bytes	Retain preparation scripts, prior-history inventories and cleanup records.											actual_bytes_required
/home/morgana/.codex/worktrees/assembled-allied-ai/orcs-vs-Fairies/work/ai-save401-final-453c221-r1	453c2218af9973b9eca8fb78392435bd9d46a740	preparation/preserve-history.py	1784	b6126c13f119e4336b322e4db7ec9f94f22e7f054df21d965b7baf8cb922ada6	bf8ed2449d14c0f3bcf00d32af4ca831885c08212be96fecc96ebd8d581ee681	preparation_cleanup_and_history	retain_actual_bytes	Retain preparation scripts, prior-history inventories and cleanup records.											actual_bytes_required
/home/morgana/.codex/worktrees/assembled-allied-ai/orcs-vs-Fairies/work/ai-save401-final-453c221-r1	453c2218af9973b9eca8fb78392435bd9d46a740	preparation/seal-final-run.py	7270	f10284f3ac24fbcf042c28c123023032affd90c5c272fda87a12fea55b3b68f2	bf8ed2449d14c0f3bcf00d32af4ca831885c08212be96fecc96ebd8d581ee681	preparation_cleanup_and_history	retain_actual_bytes	Retain preparation scripts, prior-history inventories and cleanup records.											actual_bytes_required
/home/morgana/.codex/worktrees/assembled-allied-ai/orcs-vs-Fairies/work/ai-save401-final-453c221-r1	453c2218af9973b9eca8fb78392435bd9d46a740	preparation/verify-final-packet.py	724	ff082d0f0c6e75c1874324fa7a1a91b62fccbcd354f4ca292114349b30f527ed	bf8ed2449d14c0f3bcf00d32af4ca831885c08212be96fecc96ebd8d581ee681	preparation_cleanup_and_history	retain_actual_bytes	Retain preparation scripts, prior-history inventories and cleanup records.											actual_bytes_required
/home/morgana/.codex/worktrees/assembled-allied-ai/orcs-vs-Fairies/work/ai-save401-final-453c221-r1	453c2218af9973b9eca8fb78392435bd9d46a740	processes/natural-allied-live.json	3134	652e191245e0c93ed62258dc1e3ee58ff176eb8668c1d1d37bb81b5fcb2fef8f	bf8ed2449d14c0f3bcf00d32af4ca831885c08212be96fecc96ebd8d581ee681	execution_provenance_and_generated_outputs	retain_actual_bytes	Retain runtime, process, launcher and generated executable provenance bytes.											actual_bytes_required
/home/morgana/.codex/worktrees/assembled-allied-ai/orcs-vs-Fairies/work/ai-save401-final-453c221-r1	453c2218af9973b9eca8fb78392435bd9d46a740	roster-ui/2v2-battle.png	689332	e644fac9e1974a0c5da32db6e69f274e915e8eff4848da1ad0fe29d2103d613b	bf8ed2449d14c0f3bcf00d32af4ca831885c08212be96fecc96ebd8d581ee681	native_runs_saves_replays_screenshots	retain_actual_bytes	Retain run-specific artifacts, saves, replays, frames, transport captures, screenshots and outcomes.											actual_bytes_required
/home/morgana/.codex/worktrees/assembled-allied-ai/orcs-vs-Fairies/work/ai-save401-final-453c221-r1	453c2218af9973b9eca8fb78392435bd9d46a740	roster-ui/2v2-replay.json	184766	381ca1185a6774cc3b6580c3d06d5c5696aa0f6ae814ae37d47c66a7164abb45	bf8ed2449d14c0f3bcf00d32af4ca831885c08212be96fecc96ebd8d581ee681	native_runs_saves_replays_screenshots	retain_actual_bytes	Retain run-specific artifacts, saves, replays, frames, transport captures, screenshots and outcomes.											actual_bytes_required
/home/morgana/.codex/worktrees/assembled-allied-ai/orcs-vs-Fairies/work/ai-save401-final-453c221-r1	453c2218af9973b9eca8fb78392435bd9d46a740	roster-ui/2v2-setup.png	347009	3aa2eae6d52c3be1aa997d599cd2411034a1fe05d57f61e76330c00a38768820	bf8ed2449d14c0f3bcf00d32af4ca831885c08212be96fecc96ebd8d581ee681	native_runs_saves_replays_screenshots	retain_actual_bytes	Retain run-specific artifacts, saves, replays, frames, transport captures, screenshots and outcomes.											actual_bytes_required
/home/morgana/.codex/worktrees/assembled-allied-ai/orcs-vs-Fairies/work/ai-save401-final-453c221-r1	453c2218af9973b9eca8fb78392435bd9d46a740	roster-ui/3v3-battle.png	660510	7e1a22b6b9d0dcd6764807d8b8b29bdb8e0f454d35a2536990d62512b116f98f	bf8ed2449d14c0f3bcf00d32af4ca831885c08212be96fecc96ebd8d581ee681	native_runs_saves_replays_screenshots	retain_actual_bytes	Retain run-specific artifacts, saves, replays, frames, transport captures, screenshots and outcomes.											actual_bytes_required
/home/morgana/.codex/worktrees/assembled-allied-ai/orcs-vs-Fairies/work/ai-save401-final-453c221-r1	453c2218af9973b9eca8fb78392435bd9d46a740	roster-ui/3v3-replay.json	245960	091a382a700febe5fa5eef7d3ea829ed7c954efcac0b61b802387f9e4ba5ca6e	bf8ed2449d14c0f3bcf00d32af4ca831885c08212be96fecc96ebd8d581ee681	native_runs_saves_replays_screenshots	retain_actual_bytes	Retain run-specific artifacts, saves, replays, frames, transport captures, screenshots and outcomes.											actual_bytes_required
/home/morgana/.codex/worktrees/assembled-allied-ai/orcs-vs-Fairies/work/ai-save401-final-453c221-r1	453c2218af9973b9eca8fb78392435bd9d46a740	roster-ui/3v3-setup.png	348022	0cede57c5d035a60aaf36202434812885dee8a8a6dbf4bee191b2699c3197833	bf8ed2449d14c0f3bcf00d32af4ca831885c08212be96fecc96ebd8d581ee681	native_runs_saves_replays_screenshots	retain_actual_bytes	Retain run-specific artifacts, saves, replays, frames, transport captures, screenshots and outcomes.											actual_bytes_required
/home/morgana/.codex/worktrees/assembled-allied-ai/orcs-vs-Fairies/work/ai-save401-final-453c221-r1	453c2218af9973b9eca8fb78392435bd9d46a740	roster-ui/4v4-battle.png	714339	e72957a1337568c3ba01893ea8b9b583c32792feacd49dadea0a5afb3f0c91e0	bf8ed2449d14c0f3bcf00d32af4ca831885c08212be96fecc96ebd8d581ee681	native_runs_saves_replays_screenshots	retain_actual_bytes	Retain run-specific artifacts, saves, replays, frames, transport captures, screenshots and outcomes.											actual_bytes_required
/home/morgana/.codex/worktrees/assembled-allied-ai/orcs-vs-Fairies/work/ai-save401-final-453c221-r1	453c2218af9973b9eca8fb78392435bd9d46a740	roster-ui/4v4-replay.json	501371	b4973a182353d6525fab2977e8adaaf32a6db1c9f2c46fa4f9575c3f177115fe	bf8ed2449d14c0f3bcf00d32af4ca831885c08212be96fecc96ebd8d581ee681	native_runs_saves_replays_screenshots	retain_actual_bytes	Retain run-specific artifacts, saves, replays, frames, transport captures, screenshots and outcomes.											actual_bytes_required
/home/morgana/.codex/worktrees/assembled-allied-ai/orcs-vs-Fairies/work/ai-save401-final-453c221-r1	453c2218af9973b9eca8fb78392435bd9d46a740	roster-ui/4v4-setup.png	335016	1ec6f2f27603eb7b727fa6e991c71bb117c6067ec8a5c6f618270938b44aa376	bf8ed2449d14c0f3bcf00d32af4ca831885c08212be96fecc96ebd8d581ee681	native_runs_saves_replays_screenshots	retain_actual_bytes	Retain run-specific artifacts, saves, replays, frames, transport captures, screenshots and outcomes.											actual_bytes_required
/home/morgana/.codex/worktrees/assembled-allied-ai/orcs-vs-Fairies/work/ai-save401-final-453c221-r1	453c2218af9973b9eca8fb78392435bd9d46a740	roster-ui/appearance-default-control.png	389227	49980df6fef5d9e0494055ab5d9484639b8b70d48ce0000c5a97f1f57efe51fe	bf8ed2449d14c0f3bcf00d32af4ca831885c08212be96fecc96ebd8d581ee681	native_runs_saves_replays_screenshots	retain_actual_bytes	Retain run-specific artifacts, saves, replays, frames, transport captures, screenshots and outcomes.											actual_bytes_required
/home/morgana/.codex/worktrees/assembled-allied-ai/orcs-vs-Fairies/work/ai-save401-final-453c221-r1	453c2218af9973b9eca8fb78392435bd9d46a740	roster-ui/appearance-default.png	389227	49980df6fef5d9e0494055ab5d9484639b8b70d48ce0000c5a97f1f57efe51fe	bf8ed2449d14c0f3bcf00d32af4ca831885c08212be96fecc96ebd8d581ee681	native_runs_saves_replays_screenshots	retain_actual_bytes	Retain run-specific artifacts, saves, replays, frames, transport captures, screenshots and outcomes.											actual_bytes_required
/home/morgana/.codex/worktrees/assembled-allied-ai/orcs-vs-Fairies/work/ai-save401-final-453c221-r1	453c2218af9973b9eca8fb78392435bd9d46a740	roster-ui/appearance-deuteranopia.png	389205	44b95e975ed4809bdd958a6b332d5538271e6a4ff26687b029bfdf3e4c7468e8	bf8ed2449d14c0f3bcf00d32af4ca831885c08212be96fecc96ebd8d581ee681	native_runs_saves_replays_screenshots	retain_actual_bytes	Retain run-specific artifacts, saves, replays, frames, transport captures, screenshots and outcomes.											actual_bytes_required
/home/morgana/.codex/worktrees/assembled-allied-ai/orcs-vs-Fairies/work/ai-save401-final-453c221-r1	453c2218af9973b9eca8fb78392435bd9d46a740	roster-ui/appearance-no-outlines.png	384215	9ca456e73d9f79a9e1c0e9efbe89ae779fda5334fdbd8e9b68930f47433673f6	bf8ed2449d14c0f3bcf00d32af4ca831885c08212be96fecc96ebd8d581ee681	native_runs_saves_replays_screenshots	retain_actual_bytes	Retain run-specific artifacts, saves, replays, frames, transport captures, screenshots and outcomes.											actual_bytes_required
/home/morgana/.codex/worktrees/assembled-allied-ai/orcs-vs-Fairies/work/ai-save401-final-453c221-r1	453c2218af9973b9eca8fb78392435bd9d46a740	roster-ui/appearance-no-patterns.png	388906	c3e44e49ade07d4744d1ae55ea3751dbbc6c5d65a23d8b3d7868a7a5dd9c10ac	bf8ed2449d14c0f3bcf00d32af4ca831885c08212be96fecc96ebd8d581ee681	native_runs_saves_replays_screenshots	retain_actual_bytes	Retain run-specific artifacts, saves, replays, frames, transport captures, screenshots and outcomes.											actual_bytes_required
/home/morgana/.codex/worktrees/assembled-allied-ai/orcs-vs-Fairies/work/ai-save401-final-453c221-r1	453c2218af9973b9eca8fb78392435bd9d46a740	roster-ui/appearance-restored.png	189510	ca6c851fecad38e93e08b3ce314edfa5b5f2ffbc23c16ee807e4071d1f75b1b2	bf8ed2449d14c0f3bcf00d32af4ca831885c08212be96fecc96ebd8d581ee681	native_runs_saves_replays_screenshots	retain_actual_bytes	Retain run-specific artifacts, saves, replays, frames, transport captures, screenshots and outcomes.											actual_bytes_required
/home/morgana/.codex/worktrees/assembled-allied-ai/orcs-vs-Fairies/work/ai-save401-final-453c221-r1	453c2218af9973b9eca8fb78392435bd9d46a740	roster-ui/appearance-tritanopia.png	389270	5b79caf832fd6a6831cd89f3de488164d033ef3d06d9c6a34209c53c09207975	bf8ed2449d14c0f3bcf00d32af4ca831885c08212be96fecc96ebd8d581ee681	native_runs_saves_replays_screenshots	retain_actual_bytes	Retain run-specific artifacts, saves, replays, frames, transport captures, screenshots and outcomes.											actual_bytes_required
/home/morgana/.codex/worktrees/assembled-allied-ai/orcs-vs-Fairies/work/ai-save401-final-453c221-r1	453c2218af9973b9eca8fb78392435bd9d46a740	roster-ui/historical-match.png	731069	ca702c8ce336507b3bce06cf7bedeeef4ee499ca62b278da9abb7d22f55bb9e5	bf8ed2449d14c0f3bcf00d32af4ca831885c08212be96fecc96ebd8d581ee681	native_runs_saves_replays_screenshots	retain_actual_bytes	Retain run-specific artifacts, saves, replays, frames, transport captures, screenshots and outcomes.											actual_bytes_required
/home/morgana/.codex/worktrees/assembled-allied-ai/orcs-vs-Fairies/work/ai-save401-final-453c221-r1	453c2218af9973b9eca8fb78392435bd9d46a740	roster-ui/historical-source-session-v1.json	117062	55e5db3c9622859e32cd946543bf65562df2492ab07b56b524b4cef57fd935ba	bf8ed2449d14c0f3bcf00d32af4ca831885c08212be96fecc96ebd8d581ee681	native_runs_saves_replays_screenshots	retain_actual_bytes	Retain run-specific artifacts, saves, replays, frames, transport captures, screenshots and outcomes.											actual_bytes_required
/home/morgana/.codex/worktrees/assembled-allied-ai/orcs-vs-Fairies/work/ai-save401-final-453c221-r1	453c2218af9973b9eca8fb78392435bd9d46a740	roster-ui/migrated-historical-save.json	137099	01bb163680c9643cc711ac0945f07ec49dfcbce05d84000b7cbab927feff34f9	bf8ed2449d14c0f3bcf00d32af4ca831885c08212be96fecc96ebd8d581ee681	native_runs_saves_replays_screenshots	retain_actual_bytes	Retain run-specific artifacts, saves, replays, frames, transport captures, screenshots and outcomes.											actual_bytes_required
/home/morgana/.codex/worktrees/assembled-allied-ai/orcs-vs-Fairies/work/ai-save401-final-453c221-r1	453c2218af9973b9eca8fb78392435bd9d46a740	roster-ui/results.json	8922	d2c60599219a658e32af6599c6c152c25ce114b28de6a00d5e2dbc1e0cd4b25a	bf8ed2449d14c0f3bcf00d32af4ca831885c08212be96fecc96ebd8d581ee681	native_runs_saves_replays_screenshots	retain_actual_bytes	Retain run-specific artifacts, saves, replays, frames, transport captures, screenshots and outcomes.											actual_bytes_required
/home/morgana/.codex/worktrees/assembled-allied-ai/orcs-vs-Fairies/work/ai-save401-final-453c221-r1	453c2218af9973b9eca8fb78392435bd9d46a740	serve/stderr.log	0	e3b0c44298fc1c149afbf4c8996fb92427ae41e4649b934ca495991b7852b855	bf8ed2449d14c0f3bcf00d32af4ca831885c08212be96fecc96ebd8d581ee681	execution_provenance_and_generated_outputs	retain_actual_bytes	Retain runtime, process, launcher and generated executable provenance bytes.											actual_bytes_required
/home/morgana/.codex/worktrees/assembled-allied-ai/orcs-vs-Fairies/work/ai-save401-final-453c221-r1	453c2218af9973b9eca8fb78392435bd9d46a740	serve/stdout.log	60	00773a508618c8c695493beb964d74bc3dd7da251d2ba411cbfc6d1124e9f6bb	bf8ed2449d14c0f3bcf00d32af4ca831885c08212be96fecc96ebd8d581ee681	execution_provenance_and_generated_outputs	retain_actual_bytes	Retain runtime, process, launcher and generated executable provenance bytes.											actual_bytes_required
/home/morgana/.codex/worktrees/assembled-allied-ai/orcs-vs-Fairies/work/ai-save401-final-453c221-r1	453c2218af9973b9eca8fb78392435bd9d46a740	server-data/server.sqlite	222466048	68634fdb8c709812659afbd36558b97ff98eb3874df918ef631355b106f346d5	bf8ed2449d14c0f3bcf00d32af4ca831885c08212be96fecc96ebd8d581ee681	native_sqlite_raw	retain_actual_bytes	Retain raw database bytes; lossless encoding remains held and unverified.											actual_bytes_required
/home/morgana/.codex/worktrees/assembled-allied-ai/orcs-vs-Fairies/work/ai-save401-final-453c221-r1	453c2218af9973b9eca8fb78392435bd9d46a740	server-data/server.sqlite-shm	32768	fd4c9fda9cd3f9ae7c962b0ddf37232294d55580e1aa165aa06129b8549389eb	bf8ed2449d14c0f3bcf00d32af4ca831885c08212be96fecc96ebd8d581ee681	native_sqlite_companions	retain_actual_bytes	Retain recorded shm/wal bytes separately; do not open SQLite, checkpoint, vacuum or rewrite them.											actual_bytes_required
/home/morgana/.codex/worktrees/assembled-allied-ai/orcs-vs-Fairies/work/ai-save401-final-453c221-r1	453c2218af9973b9eca8fb78392435bd9d46a740	server-data/server.sqlite-wal	0	e3b0c44298fc1c149afbf4c8996fb92427ae41e4649b934ca495991b7852b855	bf8ed2449d14c0f3bcf00d32af4ca831885c08212be96fecc96ebd8d581ee681	native_sqlite_companions	retain_actual_bytes	Retain recorded shm/wal bytes separately; do not open SQLite, checkpoint, vacuum or rewrite them.											actual_bytes_required
/home/morgana/.codex/worktrees/assembled-allied-ai/orcs-vs-Fairies/work/ai-save401-final-453c221-r1	453c2218af9973b9eca8fb78392435bd9d46a740	server/campaign-runtime.mjs	696670	a3cecf57e0492c1d309e1161280f906a9d9f7b58440e5c5cf5fce96734188fcc	bf8ed2449d14c0f3bcf00d32af4ca831885c08212be96fecc96ebd8d581ee681	execution_provenance_and_generated_outputs	retain_actual_bytes	Retain runtime, process, launcher and generated executable provenance bytes.											actual_bytes_required
/home/morgana/.codex/worktrees/assembled-allied-ai/orcs-vs-Fairies/work/ai-save401-final-453c221-r1	453c2218af9973b9eca8fb78392435bd9d46a740	server/canonical-campaign.mjs	506	bbbc83906b0fa0a5d95dae34a2ce25dd0e872408ae2f0448ef119a85da299b54	bf8ed2449d14c0f3bcf00d32af4ca831885c08212be96fecc96ebd8d581ee681	execution_provenance_and_generated_outputs	retain_actual_bytes	Retain runtime, process, launcher and generated executable provenance bytes.											actual_bytes_required
/home/morgana/.codex/worktrees/assembled-allied-ai/orcs-vs-Fairies/work/ai-save401-final-453c221-r1	453c2218af9973b9eca8fb78392435bd9d46a740	server/rts-server.js	830242	e1a22e6b5c98c4c73a4215cb2422213c8fca630c4822bd8dbbc2777c3ff7e8f2	bf8ed2449d14c0f3bcf00d32af4ca831885c08212be96fecc96ebd8d581ee681	execution_provenance_and_generated_outputs	retain_actual_bytes	Retain runtime, process, launcher and generated executable provenance bytes.											actual_bytes_required
