sha256	bytes	path
aaaa15ff9554a6d83038c4d71e79a9c04444588a770f96785060e1952912f134	800488	audit.json
15cec784f4ea6e3a264f31f7628a667186f485fed43d69133765c3403fb9d8d8	2960	coverage-assertions.json
f77b76133be16689de4f0d9d754ec3865eb69654b9276e770bebb488e8ed3008	16010	delegated-coverage-facts.json
30e599af142a7dc59efebf4b1bddfcf2439d2476f20e3a404a3b22513c2d7bf4	3424	delegated-coverage-review.md
31000c00e615a7786468e6482d29b21e6b69abe2c268649779d932ffbd841906	91221	git-blob-records.json
af6f2c5796e3bc141add747c2e780ecfcf673de68b27ce91a3b2169834d53520	431	original-verifier-receipt.json
e3b0c44298fc1c149afbf4c8996fb92427ae41e4649b934ca495991b7852b855	0	original-verifier.stderr.txt
a710086b54fb187e9be0432cadbdf7869ea67b3e761c50bdf44b3edc7ffec84c	357	original-verifier.stdout.txt
010ab69e0d5c3156d3dbeda1450ff635c6117b11503de5d6632b8bdd873502a8	867716	pinned-git-tree.nul
1eb01b8d1a1bce1a7c78a18de0a8139cac2054c91a0d4efcc4ac65d216179d68	235588	read-files.json
3268d8141ea1cdbb7f848266f61266b28a6af0fbd5e139a94dceebd8266b0a4a	13645	readback.py
6fcd5032fd15488249ab4be8122da0ec55e5e8b3c6b69a0651fa0e3964e6c461	3390	review.md
