path	bytes	sha256
autosave-browser-r1/before-reload.png	124289	52785abdd2a6b99bd5b89636fba0282d1d4ef665bab77f8d38d3a64d063c2c2b
autosave-browser-r1/browser-proof.json	142458	f0879b4f8a7babde20e0be7e2f5e814d15707f9d0092e172952f1f97f629f97f
autosave-browser-r1/fresh-authenticated-import.png	89007	6e84e17f4c0022e67b0b2d89a9a0fffb4388702aa490b4b88f7dfed6798553b9
autosave-browser-r1/manifest.json	187667	fdef15ce6846c82861c1615d6ae7ab7b34b7a7a8f44d038f3723743abff41a55
autosave-browser-r1/native-before-reload.json	188675	3ac0a8996416f71daafa678278d7156256f971d5a64d2beb4eb33ffbcedfd92b
autosave-browser-r1/native-build-report.json	215411	06b9895786aba552635619763f1a14f64d7f24ba187fd8f33a77e73bf9d851bd
autosave-browser-r1/native-continued.json	194068	d0ce70e80fbcdd1d3400dde1d68b4c18e799756f951ef45174205a625856c1ee
autosave-browser-r1/native-imported.json	188675	3ac0a8996416f71daafa678278d7156256f971d5a64d2beb4eb33ffbcedfd92b
autosave-browser-r1/native-manual.json	181094	154f6d60607f6c35d0abde8b4a5880538c7ed2b4eaee8701d404b023a2379e9f
autosave-browser-r1/native-pagehide-store.json	984705	bbd9a29f6d9b02199357faeb4bd2c648a898472f9ab774ae635a4cd145b200a2
autosave-browser-r1/native-recovered.json	188675	3ac0a8996416f71daafa678278d7156256f971d5a64d2beb4eb33ffbcedfd92b
autosave-browser-r1/native-timed-store.json	487422	fe2fffcea221a067bb69ef07eb1b3c69a966ca4a244a5b64646f52fa482562db
autosave-browser-r1/provenance.json	126258	e0f641908d73ddf8a85f20e8f815c6b852d847d19cae87175d520337ceb13dbc
autosave-browser-r1/recovered-autosave.png	106631	a12a5bca23e155c815487ae6887c325bd16e263943e52126e0864dc2f13883b2
autosave-browser-r1/recovered-production-completed.png	106345	dcb2d90c9db2174b35c56dee5692d8ec0c36355c2817ab1da3d27f6de219fea5
autosave-runtime-r1/browser-output-manifest.json	2054	90cd6b7a5af11dc96544655e2852e4c7ee015acaaa1cba9a5c35d87214990186
autosave-runtime-r1/browser.log	3082	399d7abe469bac4ad36d9438a12eb29ac8c4a837fe62d91208288295ec60966e
autosave-runtime-r1/full-manifest.json	3160	10756fac672586b7becfda23eb22f701c2bca2398477e8cc0691d98e6dbb1052
autosave-runtime-r1/inputs-after.json	153507	bbe1d4a7099baf6ab110b56d6d91edae51a5fe01a92b54622d8cc85f36c5d016
autosave-runtime-r1/inputs-before.json	153507	bbe1d4a7099baf6ab110b56d6d91edae51a5fe01a92b54622d8cc85f36c5d016
autosave-runtime-r1/preview.log	39	163d7e449dbc1583373550b1943af35b75705b1b1ce717e9f5dc4a302819af9c
autosave-runtime-r1/run.json	3068	aab0d8aceb65eb51f0279249487bd80fec6bbec4b8cb63beea5d5fb830d22396
autosave-runtime-r1/run.py	8966	47bab6f7b4624806c576fb2fde8328c285c9b1445e5d6db9fde03c1c0edc1b51
autosave-offline-r1/authenticate-continued.log	145	42f75980a7d62652462be49eccdb124f7ea0c1bc7915046750e695e2a6386fe8
autosave-offline-r1/authenticate-imported.log	144	ad3a12eba98e325d110b12864584d3cc4cbca57bd0e24bb6fe8ca4285babc0ea
autosave-offline-r1/authenticate-recovered.log	145	a720fb5286a3f5f25fda8c10df5382c67acca8e2dc36f896332ababf4361e443
autosave-offline-r1/continued-verification.json	49888	3353c254cb42bd74eeca78ff3f9d008d7f28e32c1cd30e8cc49f6b73d72e568a
autosave-offline-r1/full-manifest.json	1645	035f5a53759a004c7d7663f85befb552212b8c40a4f98cf7ce2f0e196e3bb151
autosave-offline-r1/imported-verification.json	49887	fb050e8026e47827c62566eb320ae57f41e67c3a3d2cfd8780f62cbf9df42cae
autosave-offline-r1/original-manifests-after.json	3299	1eaef49998c63d748b31b17a2003bf2df6a8b08391e22d797b3adea184735d90
autosave-offline-r1/original-manifests-before.json	3299	1eaef49998c63d748b31b17a2003bf2df6a8b08391e22d797b3adea184735d90
autosave-offline-r1/recovered-verification.json	49888	a6debf13767cb53cede2e3957ef6c337c754cd59eb9b646155544ebbaa33ac40
autosave-offline-r1/run.json	4892	9265d9b9e0cf789e0589dcd53a5456f6503d78877e346cc89047a415cde9637f
autosave-offline-r1/validate-continued.log	357	525d24ba093df0094b3f0a1a46cbffab944ec74587045b1dc6a4565362f573fe
autosave-offline-r1/validate-imported.log	356	9839bbabb8f79f57f54960e9547270d9eeb090deca5bfdf16ac61e7160070deb
autosave-offline-r1/validate-recovered.log	357	44981d575ac1b36159031b562c1156a8c51421cb1a2177d3ab78562105fae588
autosave-diagnostic-r1/browser-diagnostic.json	90809	6f2cfca709c53edb88b541638c3372bc86a289fd31588d9d9059ae167c4ffef1
autosave-diagnostic-r1/diagnostic.log	1088	1f67d883b63aedeab5aa31eaae0cc2ded9dca7cd360e54c8d9f1dd0d1fbc2e8e
autosave-diagnostic-r1/first-failure-after.json	5540	a623924b637e2bb724c82ecde08366ad57f51290136a12da8c7f5136264e2945
autosave-diagnostic-r1/first-failure-before.json	5540	a623924b637e2bb724c82ecde08366ad57f51290136a12da8c7f5136264e2945
autosave-diagnostic-r1/full-manifest.json	909	32881237528ae89cbbd85bbef6731cfa2940f966ed3858820e7e179eee9b4745
autosave-diagnostic-r1/observe.mjs	5706	74ac5fb3059507ab0eb441631658a17ac6f75a518d3ac76e10228e98534d64ae
autosave-diagnostic-r1/preview.log	39	163d7e449dbc1583373550b1943af35b75705b1b1ce717e9f5dc4a302819af9c
autosave-diagnostic-r1/run.json	1080	7c66c7c55d9edeff321950b7f983575b2ea09d1b9191eb68cb286356f3131398
autosave-inspection-r1/full-manifest.json	5854	20c6f84f5c9ef01f431f17cf13961e3e44da2176510431c4fd0f9accecaff3d2
autosave-inspection-r1/inspection.json	3389	b1ad48f6e7d297fbad1a2ca136f9466c19565db8c2a79990648a93532de90d58
autosave-independent-r1/audit.json	558606	518846a9c98c2ce8fe84d860a39f1df7aa45ab365b2696974a4700ca59dd0ce6
autosave-independent-r1/audit.py	21241	937832ce945ed1fea23b4d0ba2f47180b0566df2a68184af979314f8db29ff18
autosave-independent-r1/first-failure-baseline.json	3285	03df2eb70bef60d872562b8574cf3c698b9059d0e91395a16ee436017c376580
autosave-independent-r1/full-manifest.json	576	74749cedd6ce659925cddec92718430413c628dde78e185be3ea7ab25ac60733
